id,country,GDI Group,Gender Development Index (value),HDI female,"Life Expectancy at Birth, female (years)","Expected Years of Schooling, female (years)","Mean Years of Schooling, female (years)","Gross National Income Per Capita, female (2017 PPP$)",HDI male,"Life Expectancy at Birth, male (years)","Expected Years of Schooling, male (years)","Mean Years of Schooling, male (years)","Gross National Income Per Capita, male (2017 PPP$)"
AFG,Afghanistan,5.0,0.681,0.36484023,65.2791,7.736391273,2.311079979,532.9553682,0.535610873,58.9147,12.67218933,3.401309967,3089.270418
AGO,Angola,4.0,0.903,0.556745058,64.3066,11.5409,4.183875561,4751.373256,0.616557703,59.0291,12.9132,6.894268513,6196.650485
ALB,Albania,1.0,1.007,0.799221622,79.1726,15.31414032,11.68443326,11637.21567,0.793604613,74.0869,13.65186977,10.92069549,16629.90211
AND,Andorra,,,,84.3238,,10.48113913,,,77.1723,,10.62797735,
ARE,United Arab Emirates,2.0,0.953,0.87713227,80.9371,16.53561974,12.52534008,28921.14482,0.920631429,77.2164,15.20983028,12.80508041,77317.68017
ARG,Argentina,1.0,0.997,0.833324995,78.6471,19.23380089,11.35364528,15580.71571,0.835521148,72.1818,16.55146027,10.90602315,26376.42505
ARM,Armenia,1.0,1.001,0.756949514,77.35,13.81657982,11.32151985,8736.263849,0.756110563,66.5544,12.52400017,11.34119034,18557.94799
ATG,Antigua and Barbuda,,,,80.9411,15.20951739,,,,75.7753,13.19281252,,
AUS,Australia,2.0,0.968,0.93167223,85.8396,21.81757927,12.81058979,37485.5883,0.962956483,83.1718,20.30187988,12.63971043,61160.79011
AUT,Austria,1.0,0.98,0.905682295,84.084,16.39508057,11.97801018,43413.88736,0.923877356,79.0433,15.64367962,12.55373955,64148.48737
AZE,Azerbaijan,2.0,0.974,0.733874991,73.2871,13.63412952,10.2091198,10536.01593,0.753249711,65.6458,13.37728024,10.90130997,18075.8323
BDI,Burundi,3.0,0.935,0.412236237,63.6092,10.91547198,2.491789031,667.5207678,0.440934982,59.7112,10.53523917,3.851800592,796.9564563
BEL,Belgium,1.0,0.978,0.925048073,84.2957,20.70512962,12.31939983,42532.93431,0.946127575,79.4344,18.53882027,12.43480968,62295.08289
BEN,Benin,5.0,0.88,0.491304048,61.4449,9.893950462,3.315197468,2997.705686,0.558101711,58.2208,11.62110043,5.44505428,3818.802984
BFA,Burkina Faso,4.0,0.903,0.425128833,60.9896,9.109199524,1.583301027,1659.234852,0.470559026,57.4745,9.17743969,2.704233799,2579.899962
BGD,Bangladesh,5.0,0.898,0.61737477,74.2672,13.00008011,6.755380154,2811.243422,0.687568946,70.5989,11.90853977,8.020810127,8176.050077
BGR,Bulgaria,1.0,0.995,0.792403351,75.4824,14.17173004,11.50780964,18109.38936,0.796486006,68.435,13.64058971,11.30865955,28356.81512
BHR,Bahrain,3.0,0.927,0.828959683,80.0178,17.00485992,10.78437042,16786.17306,0.89407466,77.7566,15.85118008,11.17325974,53359.49671
BHS,Bahamas,,,,75.0957,,12.7414244,25896.98418,,68.1206,,12.55653686,35495.42524
BIH,Bosnia and Herzegovina,3.0,0.94,0.753943386,77.5302,14.07886364,9.778189659,10709.28492,0.802005824,73.1078,13.52113636,11.35262966,19917.00615
BLR,Belarus,1.0,1.011,0.812031188,77.6972,15.3424902,12.15460014,15158.32303,0.802832,67.2978,15.00576019,12.12977982,23165.02077
BLZ,Belize,1.0,0.975,0.671552426,74.3322,13.29214954,9.042070389,4248.54338,0.688837987,67.1187,12.68122959,8.652890205,8344.773506
BOL,Bolivia (Plurinational State of),2.0,0.964,0.679814318,66.7999,14.92614555,9.216730118,6855.904661,0.704911026,60.879,14.96779156,10.49209023,9358.680731
BRA,Brazil,1.0,0.994,0.750013092,76.0086,16.03347969,8.333614199,10903.075,0.754680006,69.5597,15.16670036,7.89424439,17959.96471
BRB,Barbados,2.0,1.034,0.799110548,79.3594,17.69855459,10.28248279,10235.21434,0.772530747,75.6292,13.76279051,9.088873873,14554.61405
BRN,Brunei Darussalam,1.0,0.984,0.819470894,76.8812,14.43284988,9.162,47578.75676,0.833025563,72.6017,13.51095009,9.198,80260.78486
BTN,Bhutan,3.0,0.937,0.641322529,73.7734,13.63224386,4.450652072,6670.576078,0.684476486,70.1411,12.83391543,5.761204893,11896.32998
BWA,Botswana,1.0,0.981,0.686186101,63.5942,12.37531361,10.274,13839.15683,0.699553277,58.6909,12.15496169,10.398,18618.32316
CAF,Central African Republic,5.0,0.81,0.359110957,56.3035,6.66856003,3.108,769.842841,0.443253806,51.6455,9.393838816,5.594,1162.317208
CAN,Canada,1.0,0.988,0.929499536,84.6711,16.89101982,13.91497893,38651.80939,0.941126183,80.621,15.91734982,13.74785411,55065.25481
CHE,Switzerland,2.0,0.967,0.943709307,85.8959,16.40518951,13.48301029,54596.87394,0.975611273,81.9952,16.5934391,14.24829006,79450.51016
CHL,Chile,2.0,0.967,0.838413012,81.4368,16.96546936,10.84131778,17552.92999,0.867267868,76.4722,16.50263023,11.04624186,31677.27702
CHN,China,1.0,0.984,0.761168006,81.1546,14.77470471,7.33460805,13979.68971,0.773243024,75.4634,13.69752509,7.861852212,20882.86637
CIV,CÃ´te d'Ivoire,5.0,0.887,0.515563727,59.9409,10.01710033,4.6767215,3763.003044,0.581439618,57.4001,11.33197021,5.712839185,6642.844409
CMR,Cameroon,5.0,0.885,0.540217006,62.0182,12.42278161,4.81709,2981.385929,0.610395901,58.6899,13.79085757,7.50058,4263.787131
COD,Congo (Democratic Republic of the),5.0,0.885,0.448765594,61.5207,9.644028442,5.596261446,896.3528837,0.507288188,56.9531,10.09291419,8.455105537,1258.657211
COG,Congo,3.0,0.934,0.551580285,64.9346,12.2485696,5.59,2532.152974,0.590449068,62.1236,12.41765711,6.762,3247.26424
COL,Colombia,1.0,0.984,0.743729498,76.4421,14.68078995,9.016329765,10280.75598,0.755726924,69.4041,14.21420002,8.697070122,18598.73316
COM,Comoros,5.0,0.891,0.521857496,65.8272,12.1795523,3.953311349,2013.580489,0.585432331,61.2453,11.70042118,6.031009312,4260.210455
CPV,Cabo Verde,1.0,0.981,0.653226941,78.4572,12.83086562,6.025999125,4681.791749,0.666122007,69.5891,12.28982854,6.573896076,7795.748187
CRI,Costa Rica,1.0,0.996,0.806325603,79.8106,17.05911064,8.892390251,16567.93315,0.809722197,74.4177,16.04846001,8.702249527,23375.95773
CUB,Cuba,2.0,0.961,0.744772411,76.3585,15.10297966,12.59368627,5103.348554,0.774843635,71.2446,13.81696987,12.40169983,10693.00768
CYP,Cyprus,2.0,0.972,0.881957454,83.2037,15.69172001,12.41040993,30616.52084,0.907058666,79.2092,15.61785984,12.47198009,45734.5501
CZE,Czechia,1.0,0.989,0.883640143,80.8885,16.7543602,12.71214962,30454.50542,0.893197721,74.6662,15.71041012,13.03565979,47288.80881
DEU,Germany,1.0,0.978,0.931498431,83.2215,17.00415993,13.84053479,46149.9525,0.952180253,78.0809,17.0161705,14.3494364,63142.69975
DJI,Djibouti,,,,65.0189,7.50865,,2178.95886,,59.7276,7.43298,,7911.350717
DMA,Dominica,,,,76.3013,14.61002724,,,,69.7249,12.156349,,
DNK,Denmark,1.0,0.98,0.937319033,83.2762,19.34136963,13.15695,49876.26463,0.956524411,79.4848,18.10860062,12.76414967,70961.09155
DOM,Dominican Republic,1.0,1.014,0.771504074,76.2914,15.35246548,9.607207455,13695.31146,0.760780375,69.2978,13.57888472,8.988241636,22248.06125
DZA,Algeria,5.0,0.88,0.680221302,77.9588,15.34625536,7.735659996,3549.996745,0.773257248,74.8787,13.96632659,8.438411764,17787.31291
ECU,Ecuador,1.0,0.98,0.730715581,77.4619,14.94892979,8.800060272,7450.795667,0.745435732,70.2604,14.31173992,8.836270332,13180.21773
EGY,Egypt,5.0,0.882,0.665947414,72.6077,13.84451035,9.802207806,3536.065178,0.75526319,67.9353,13.73198027,9.420359504,19740.68394
ERI,Eritrea,,,,68.6547,7.49902872,,1387.317602,,64.3495,8.612197875,,2079.46542
ESP,Spain,1.0,0.986,0.895714434,85.7735,18.43042946,10.52787018,31212.63763,0.908603781,80.2091,17.4191494,10.68844986,45784.07701
EST,Estonia,1.0,1.021,0.898020476,81.2311,16.76152992,13.78102016,30995.40471,0.879365759,72.8152,15.14676952,13.2729702,45866.20685
ETH,Ethiopia,4.0,0.921,0.477551765,68.2852,9.824613044,2.161845446,1943.575583,0.518618804,61.91,9.556187685,4.23844862,2774.393182
FIN,Finland,1.0,0.989,0.934283259,84.7177,19.85631943,13.04683971,41697.50156,0.944567946,79.3458,18.28832054,12.69112968,57393.79553
FJI,Fiji,3.0,0.931,0.698350818,68.8768,14.97936708,11.00194066,5664.186832,0.75013651,65.4261,14.49421292,10.84056513,14270.36834
FRA,France,1.0,0.99,0.897519009,85.485,16.15681076,11.43721962,38403.4713,0.906690802,79.425,15.47455025,11.80276966,53987.67697
FSM,Micronesia (Federated States of),,,,74.608,,,,,67.1203,,,
GAB,Gabon,4.0,0.908,0.66695499,68.4944,12.59342306,7.843676749,9375.895993,0.734791954,63.4876,13.36119694,10.49761667,17211.89528
GBR,United Kingdom,1.0,0.987,0.921594468,82.7722,17.82233047,13.44999981,37374.45051,0.93393288,78.7168,16.80278015,13.36056995,53264.9393
GEO,Georgia,1.0,1.007,0.803449379,76.6807,15.93873978,12.86532021,11284.6655,0.797741455,66.8028,15.2400198,12.77040005,18472.48261
GHA,Ghana,3.0,0.946,0.614164008,66.0136,12.05702972,7.779994279,4723.288546,0.649352665,61.6304,12.03862,8.969073236,6770.830667
GIN,Guinea,5.0,0.85,0.426440797,60.0985,8.610094032,1.292843507,2320.381485,0.501452822,57.595,10.97551015,3.248563693,2645.236455
GMB,Gambia,4.0,0.924,0.480518411,63.5287,10.33742212,3.84120965,1648.847008,0.51992186,60.6559,8.542828054,5.635258198,2701.019665
GNB,Guinea-Bissau,5.0,0.867,0.447933316,61.7958,9.999406158,2.410659,1561.423784,0.516530263,57.3925,11.2267194,4.939155,2264.022579
GNQ,Equatorial Guinea,,,,62.7256,,4.194548476,8351.083447,,58.7813,,7.627197168,15398.90528
GRC,Greece,2.0,0.969,0.871930104,82.8521,20.05644035,11.09685993,22889.79217,0.900182194,77.4923,20.00617981,11.74693966,35367.94782
GRD,Grenada,,,,77.8979,19.26614739,,,,72.2123,18.07579333,,
GTM,Guatemala,4.0,0.917,0.595718044,72.6514,10.48863029,5.235280037,4909.099431,0.649879506,66.0046,10.63549042,6.237989902,12613.84423
GUY,Guyana,1.0,0.978,0.704002156,69.1042,12.76161284,8.72292,14734.62056,0.719594973,62.4812,12.24144493,8.489497,30534.34518
HKG,"Hong Kong, China (SAR)",1.0,0.976,0.941077517,88.3257,17.57220078,11.84570026,51735.25652,0.964310833,82.6613,17.03323936,12.70687962,75306.95731
HND,Honduras,2.0,0.96,0.607425221,72.5341,10.37340486,6.756909847,4271.177648,0.633043539,67.8945,9.901273236,7.431379795,6304.346659
HRV,Croatia,1.0,0.995,0.855338778,81.0549,15.90723991,11.93745426,23887.99467,0.859239831,74.233,14.35393047,12.48016495,36712.79009
HTI,Haiti,5.0,0.898,0.506097786,66.1191,9.00792,4.552,2408.200342,0.563765577,60.399,10.39208,6.768,3294.689716
HUN,Hungary,1.0,0.987,0.840092841,77.9211,15.30526079,12.09698963,25908.86843,0.850884145,71.1047,14.77280122,12.42362022,40262.24876
IDN,Indonesia,3.0,0.941,0.680843112,69.7437,13.83131392,8.206930161,7905.917421,0.723345599,65.5327,13.67382635,8.912110329,14975.81343
IND,India,5.0,0.849,0.566684748,68.8864,11.94211006,6.251538841,2277.265524,0.667813533,65.7563,11.81324005,7.228794054,10632.93291
IRL,Ireland,1.0,0.987,0.934275848,83.7675,19.23660088,11.78455323,61104.49396,0.946695538,80.2476,18.64551926,11.36747134,91505.92493
IRN,Iran (Islamic Republic of),5.0,0.88,0.704065865,76.8085,14.69062996,10.61832691,3767.39946,0.79971899,71.2463,14.53594971,10.65504347,22040.70965
IRQ,Iraq,5.0,0.803,0.585138844,72.4219,11.4617644,7.248047674,2184.125075,0.728293315,68.2004,12.67899669,8.426082131,17748.48377
ISL,Iceland,1.0,0.976,0.946935585,84.1804,20.27153015,13.86952972,47135.91424,0.970604052,81.2138,18.09046936,13.67177963,64004.12858
ISR,Israel,1.0,0.992,0.914945896,84.2953,16.72323036,13.38325237,34959.69865,0.921975238,80.1535,15.40869045,13.30354585,48125.88807
ITA,Italy,2.0,0.97,0.879184172,85.0955,16.5740509,10.60560989,31099.86552,0.906110064,80.5189,15.90188026,10.8870697,55186.53743
JAM,Jamaica,1.0,0.99,0.703788217,72.543,13.72101442,9.744774949,6982.251341,0.710547842,68.469,13.08882643,8.530893495,10715.46988
JOR,Jordan,5.0,0.887,0.663218429,76.7726,10.84105015,10.07157993,3778.064874,0.747658804,72.1277,10.45506954,10.8373003,15631.27965
JPN,Japan,2.0,0.97,0.907973256,87.7313,15.19815139,13.30556444,30620.80675,0.936097221,81.8018,15.2438166,13.42565598,54596.84435
KAZ,Kazakhstan,1.0,0.998,0.808860452,73.0814,16.04249954,12.37770421,18976.34734,0.810586606,65.4761,15.49851036,12.31332986,29305.12694
KEN,Kenya,3.0,0.941,0.557213852,64.0899,10.34585953,6.064,3873.191056,0.592213974,58.9354,11.05279836,7.26,5084.167477
KGZ,Kyrgyzstan,2.0,0.966,0.674734308,74.3515,13.43486977,11.6026467,2863.191224,0.698277778,65.8,12.96424961,11.13378012,6331.487189
KHM,Cambodia,3.0,0.926,0.569886597,72.2907,11.00490454,4.366,3463.508562,0.615205049,66.8186,11.93053546,5.882,4706.237922
KIR,Kiribati,,,,69.0959,12.426346,,,,65.504,11.252668,,
KNA,Saint Kitts and Nevis,,,,75.3413,15.99400249,,,,68.3456,14.9184988,,
KOR,Korea (Republic of),3.0,0.944,0.893687774,86.7603,16.06004906,11.86020016,29299.89347,0.9471206,80.3864,16.92740059,13.17625373,59737.33704
KWT,Kuwait,1.0,1.009,0.830933447,81.4628,16.98758886,8.123162299,28085.58009,0.823823695,77.1925,13.88226562,6.93646169,68826.81822
LAO,Lao People's Democratic Republic,3.0,0.949,0.590907405,70.0778,9.9354496,5.008,6756.891319,0.622723509,66.1536,10.33197975,5.764,8627.13168
LBN,Lebanon,5.0,0.882,0.649614298,77.2512,11.11914,8.4842,3814.522565,0.736555974,72.8466,11.4526,8.9158,15585.79769
LBR,Liberia,5.0,0.871,0.446593576,62.0722,10.12086582,3.866,1061.548441,0.512798524,59.4109,10.75482082,6.308,1517.963775
LBY,Libya,1.0,0.975,0.708031742,74.3956,13.06487113,8.47,9569.732068,0.726310597,69.6305,12.64368887,7.214,20960.07529
LCA,Saint Lucia,1.0,1.011,0.718726697,74.7166,13.35690022,8.804559708,9990.617758,0.710892671,67.8378,12.37703991,8.290690422,14146.97469
LIE,Liechtenstein,,,,85.35,14.16571045,,,,81.101,16.17333984,,
LKA,Sri Lanka,3.0,0.949,0.754666487,79.5018,14.49209703,10.83043003,7004.61099,0.794880643,73.1101,13.78702118,10.82703018,18573.30255
LSO,Lesotho,1.0,0.985,0.511123839,55.9266,12.43076407,6.56167247,2106.602857,0.519143817,50.3736,11.66055444,5.982824978,3310.125224
LTU,Lithuania,2.0,1.03,0.887521885,78.775,16.73283958,13.58351994,33891.36872,0.861661897,68.7778,15.85984993,13.39519978,42500.04326
LUX,Luxembourg,1.0,0.993,0.924607692,84.8055,14.38416004,13.0062666,70117.37449,0.931456058,80.4463,14.41333008,13.02411775,98991.3462
LVA,Latvia,1.0,1.025,0.872905527,77.8257,16.7930603,13.56832981,27882.28493,0.851825526,69.2021,15.63866997,12.89021969,38506.11171
MAR,Morocco,5.0,0.861,0.621251796,76.3977,13.91057014,4.988,3193.533301,0.721809682,71.8927,14.39321041,6.866,11356.02315
MCO,Monaco,,,,87.6773,,,,,84.3428,,,
MDA,Moldova (Republic of),1.0,1.01,0.770773099,73.5466,14.75263023,11.85783958,12086.96092,0.763199634,64.4433,14.12357998,11.78106976,17961.16854
MDG,Madagascar,2.0,0.956,0.489879193,66.8701,10.1833395,4.914466457,1283.799532,0.512325749,62.2341,10.08976666,5.339324566,1682.329777
MDV,Maldives,3.0,0.925,0.708976174,81.0193,14.17418957,7.12,6358.736535,0.76638536,79.082,11.93892956,7.528,22119.14901
MEX,Mexico,1.0,0.989,0.752508708,74.8637,15.21201038,9.096670151,12455.76625,0.761102122,66.0556,14.51403046,9.358039856,23600.05963
MHL,Marshall Islands,,,,67.1997,10.37392998,10.70687008,,,63.6922,10.1091404,11.05574989,
MKD,North Macedonia,3.0,0.945,0.746188014,76.1561,13.86275189,9.653639793,11146.83902,0.789290229,71.6616,13.39966973,10.8074398,20715.67172
MLI,Mali,5.0,0.887,0.399133986,60.331,6.795167146,2.384,1482.689243,0.449875276,57.6179,7.947588782,2.198,2769.847654
MLT,Malta,1.0,0.98,0.906805757,86.1085,17.38516045,12.00041962,30282.10148,0.925314241,81.4414,16.32799911,12.40596962,46821.01324
MMR,Myanmar,3.0,0.944,0.565270826,69.0009,11.11379202,6.094560146,2618.856773,0.598757287,62.5463,10.70448302,6.730899811,5092.894981
MNE,Montenegro,1.0,0.981,0.823404193,79.8119,15.60083008,11.795824,15934.76249,0.839623822,72.9973,14.60348034,12.59037047,26000.74277
MNG,Mongolia,2.0,1.031,0.748987477,75.6958,15.57209015,9.949589729,8540.719845,0.726425808,66.5368,14.39468002,8.847709656,12666.36521
MOZ,Mozambique,4.0,0.922,0.428013032,62.4325,9.787595092,2.431994619,1095.666257,0.464036211,56.2044,10.65669147,4.095451061,1304.403085
MRT,Mauritania,5.0,0.89,0.517783712,66.0979,9.570549965,4.634968748,2603.57743,0.581885717,62.6661,9.187669754,5.326898062,7649.589434
MUS,Mauritius,2.0,0.973,0.789107668,76.8265,15.90719008,10.04156148,15015.82114,0.811010462,70.44,14.46316987,10.85802176,29221.04434
MWI,Malawi,2.0,0.968,0.502014032,66.4685,12.8264208,4.104782854,1231.629024,0.518874061,59.4935,12.5388703,4.667895015,1712.904592
MYS,Malaysia,1.0,0.982,0.794154156,77.3623,13.84428024,10.56863976,20671.56073,0.809075378,72.659,12.87180996,10.71778011,32379.57974
NAM,Namibia,1.0,1.004,0.615799013,62.9849,11.89989359,7.454418013,7270.704656,0.613057327,55.7206,11.94272709,6.912215715,10094.30815
NER,Niger,5.0,0.835,0.364314532,62.7943,6.260139106,1.708291787,936.4848434,0.436370503,60.4065,7.638220809,2.789487771,1534.591089
NGA,Nigeria,5.0,0.863,0.495057927,53.0701,9.578901345,6.144916176,3758.755164,0.573601517,52.2846,10.79903901,8.249763834,5800.263163
NIC,Nicaragua,2.0,0.956,0.647750656,76.8026,12.65479952,7.42,3646.341023,0.677703928,70.8357,12.62791614,6.84,7661.434052
NLD,Netherlands,2.0,0.968,0.924997733,83.3568,19.00924791,12.3527298,46301.34118,0.956065754,79.9974,18.38851776,12.81820965,65778.44697
NOR,Norway,1.0,0.983,0.949899881,84.8787,18.88678932,13.13508034,54699.44556,0.966060981,81.5622,17.52532959,12.87032032,74444.99092
NPL,Nepal,3.0,0.942,0.584364172,70.3617,12.9240799,4.160869361,3677.183143,0.620507697,66.5739,12.84980011,6.220635063,4095.455108
NRU,Nauru,,,,67.303,13.12809058,,,,60.2615,10.44668517,,
NZL,New Zealand,1.0,0.975,0.924682807,84.3213,20.80978012,12.93587971,36864.4872,0.948211623,80.5756,19.73480988,12.95394039,51377.47558
OMN,Oman,4.0,0.9,0.751838584,74.7155,15.04283047,12.05675983,7169.212169,0.83546697,70.9841,14.49594021,11.44030952,39717.23072
PAK,Pakistan,5.0,0.81,0.471396425,68.6228,8.102529526,3.896490097,1569.380313,0.581877317,63.7866,9.173430443,5.035349846,7619.734622
PAN,Panama,1.0,1.017,0.811685938,79.594,13.64869808,10.79374981,23379.65029,0.798281932,73.0499,12.48239661,10.26064968,30531.10001
PER,Peru,2.0,0.95,0.742054002,74.7462,15.225974,9.325330482,9812.535596,0.781076189,70.1206,15.54962308,10.45869538,14726.65802
PHL,Philippines,1.0,0.99,0.6947065,71.4822,13.48997021,9.232720375,7486.718235,0.701549702,67.1717,12.78559017,8.702549934,10310.62961
PLW,Palau,,,,70.5753,15.98627,,,,62.4323,15.53672,,
PNG,Papua New Guinea,3.0,0.931,0.537933947,68.4151,9.825603009,4.08,3542.526014,0.577731745,62.9479,10.86853449,5.378,4445.1171
POL,Poland,1.0,1.008,0.878323947,80.3888,16.7696991,13.34002972,25260.74044,0.871513813,72.6255,15.31564045,12.96819973,41335.50045
PRK,Korea (Democratic People's Rep. of),,,,75.7426,10.42153,,,,70.8305,11.14481,,
PRT,Portugal,1.0,0.994,0.862546452,84.0791,16.9929409,9.607560158,28713.43697,0.867492871,77.8468,16.74909019,9.538669586,38126.79503
PRY,Paraguay,1.0,0.99,0.712812675,73.3847,13.63530124,8.856229782,9410.455309,0.719878431,67.4336,12.37616125,8.867710114,15264.77208
PSE,"Palestine, State of",5.0,0.891,0.655009064,75.9386,14.26461983,9.916460037,2250.067556,0.734872627,71.0939,12.48151016,9.960129738,10936.95694
QAT,Qatar,1.0,1.019,0.865842414,80.9374,14.53326988,11.61881592,42100.84743,0.849982592,78.3139,12.09377956,9.61258181,104066.1641
ROU,Romania,1.0,0.994,0.818929278,77.8898,14.7216301,10.98981953,24554.47673,0.823464389,70.6364,13.77198982,11.58393002,35874.0976
RUS,Russian Federation,1.0,1.016,0.828474835,74.7727,15.97797966,12.75277374,21857.33246,0.81516103,64.2085,15.56381035,12.80649889,33288.05988
RWA,Rwanda,2.0,0.954,0.521187466,68.1639,11.22247028,4.031224613,1989.560286,0.546603488,63.798,11.24172974,4.88597295,2439.981166
SAU,Saudi Arabia,4.0,0.917,0.825883187,78.7714,16.20259094,10.73622036,20677.9756,0.900720984,75.5902,16.10305977,11.67045021,64708.42385
SDN,Sudan,5.0,0.87,0.465659505,67.8786,7.74519446,3.422,1832.770327,0.535025904,62.7408,8.144053506,4.21,5319.731725
SEN,Senegal,5.0,0.874,0.474670177,69.2838,9.478469849,1.568656105,2258.033972,0.542992333,64.7525,8.462510109,4.459484359,4467.589513
SGP,Singapore,1.0,0.992,0.935256237,84.9268,16.71208,11.62705994,75093.99386,0.943210266,80.6357,16.39477921,12.2547102,105348.3283
SLB,Solomon Islands,,,,71.9594,10.79809865,,2172.534897,,68.931,9.93096504,,2777.232927
SLE,Sierra Leone,5.0,0.893,0.451696771,61.3543,9.555960911,3.477212173,1453.292817,0.505719508,58.7582,9.857761045,5.815924164,1789.052897
SLV,El Salvador,2.0,0.964,0.660206921,75.1492,12.70825432,6.769279957,5823.671402,0.684866967,66.0775,12.6377241,7.624269962,11014.9538
SMR,San Marino,,,,83.495,11.75339031,10.89807987,,,78.3621,12.81585979,10.69499016,
SOM,Somalia,,,,57.414,,,544.698414,,53.2459,,,1488.710749
SRB,Serbia,1.0,0.982,0.794081584,77.1779,14.97856998,11.01638985,15306.10357,0.808468225,71.2212,13.85284996,11.75636005,23270.16706
SSD,South Sudan,5.0,0.843,0.348198975,56.4723,4.45054,4.762169838,664.4237678,0.413258564,53.4286,6.61495,6.189479828,873.2309367
STP,Sao Tome and Principe,4.0,0.907,0.583599404,70.4194,13.46457672,5.595629228,2414.879056,0.643189149,65.1607,13.27850437,6.810886842,5634.988557
SUR,Suriname,1.0,1.001,0.727709999,73.5513,14.19690286,9.897562169,8865.601713,0.727228714,67.2067,11.92232229,9.625531504,16506.35247
SVK,Slovakia,1.0,0.999,0.846502357,78.4307,15.01887989,12.86800003,24848.66797,0.847723638,71.4948,14.03100014,12.95855999,36813.10019
SVN,Slovenia,1.0,0.999,0.915401467,83.8366,18.41757965,12.83347034,33037.52848,0.916243227,77.6469,16.93939018,12.77305984,46385.63912
SWE,Sweden,1.0,0.988,0.940969463,84.9097,20.53377914,12.76821041,49580.10983,0.952156756,81.0775,18.3472805,12.44828987,59326.07625
SWZ,Eswatini (Kingdom of),1.0,0.986,0.592739587,61.2485,13.23686462,5.662,6383.507819,0.601355621,53.366,14.24137883,5.53,8992.516919
SYC,Seychelles,,,,75.6503,15.11960983,10.21333,,,67.7429,12.86174011,10.36414,
SYR,Syrian Arab Republic,5.0,0.825,0.502700292,75.1752,9.074879646,4.6297,1285.232873,0.609549665,69.0583,9.249540329,5.6,7088.319399
TCD,Chad,5.0,0.77,0.339311717,54.2828,6.611644138,1.489173708,965.1510779,0.440888916,50.8449,9.464517316,3.681625264,1760.0728
TGO,Togo,5.0,0.849,0.497381322,62.3913,12.19214922,3.400858516,1884.54823,0.586086092,60.8495,14.30900219,6.828586144,2445.721556
THA,Thailand,1.0,1.012,0.80539431,83.0408,16.24098024,8.56564045,15457.0841,0.795766338,74.518,15.56719155,8.838259697,18694.23633
TJK,Tajikistan,4.0,0.909,0.647971594,73.7339,11.17689865,10.88014417,2980.088091,0.712813626,69.5682,12.10252231,11.76179455,6095.515037
TKM,Turkmenistan,2.0,0.956,0.725895847,72.663,12.99555016,10.92442,9227.499136,0.759567182,65.8652,13.4203701,11.62147,16884.43719
TLS,Timor-Leste,4.0,0.917,0.580299039,69.5445,12.20868199,4.74176,3641.650885,0.633048484,66.0999,13.02351401,6.161881,5248.15712
TON,Tonga,2.0,0.965,0.728001834,73.719,16.30469398,11.47622061,4842.026992,0.754353802,68.4164,15.65363352,11.23541736,8845.003974
TTO,Trinidad and Tobago,1.0,0.985,0.801419799,76.4032,14.8003024,11.72598705,16793.87355,0.813863715,69.6616,14.24290289,11.49873111,30166.20298
TUN,Tunisia,3.0,0.931,0.69683006,77.1448,16.45976207,6.855294122,4869.597753,0.748367539,70.7428,14.45251965,8.034592614,15777.90515
TUR,Turkey,3.0,0.937,0.806205301,79.1213,17.85655022,7.87033987,19079.35047,0.860285269,73.0397,18.81937981,9.411600113,42928.78948
TUV,Tuvalu,,,,69.1378,9.46434,10.3877,,,60.8155,9.34623,10.7575,
TZA,Tanzania (United Republic of),3.0,0.943,0.53248359,68.3107,9.296609879,5.923837807,2246.736181,0.564766693,64.1827,9.149600029,6.892428824,3091.93102
UGA,Uganda,3.0,0.927,0.504881399,64.9197,10.15034489,4.896921296,1877.430317,0.544620452,60.4228,10.11118149,6.683393581,2491.502595
UKR,Ukraine,1.0,1.012,0.775709542,76.7002,14.99265633,11.45783104,10369.86856,0.766191935,66.5312,14.93059899,10.72236653,16604.74201
URY,Uruguay,1.0,1.022,0.812179016,79.2583,17.32807722,9.251560211,17125.29225,0.79450292,71.6545,15.44421384,8.6769104,25680.32918
USA,United States,1.0,1.001,0.919688967,80.238,16.93508911,13.73783016,51538.95551,0.919186122,74.2999,15.64476967,13.62497997,78238.21408
UZB,Uzbekistan,3.0,0.944,0.702783954,73.3899,12.37631989,11.73186016,5427.358367,0.744266009,68.3335,12.57161999,12.06482983,10402.95193
VCT,Saint Vincent and the Grenadines,2.0,0.97,0.73874214,72.3958,14.90442804,10.92370987,8720.223778,0.761469,67.354,14.45880707,10.74547958,15074.89757
VEN,Venezuela (Bolivarian Republic of),1.0,0.983,0.679218478,75.2072,13.81196,11.36222007,2865.793869,0.690932232,66.2592,11.8202,10.84877,6795.863793
VNM,Viet Nam,1.0,1.002,0.703772487,78.2349,13.21517011,8.034310341,6932.367547,0.70208471,69.117,12.70955587,8.727129936,8825.599737
VUT,Vanuatu,,,,72.9446,11.37982422,,2353.697069,,68.3967,11.6999255,,3808.57617
WSM,Samoa,2.0,0.957,0.685493303,75.5034,12.97950554,11.7741,3222.69805,0.716499047,70.3119,11.90373993,11.02812,7312.135531
YEM,Yemen,5.0,0.496,0.262569632,67.1339,7.651040077,2.88,176.0594482,0.529016004,60.6287,10.49584007,5.146,2428.224415
ZAF,South Africa,3.0,0.944,0.685864456,64.9992,13.9843998,9.657389641,9934.611438,0.726844169,59.4575,13.30751038,12.15235043,16129.33493
ZMB,Zambia,2.0,0.965,0.554427499,63.9276,10.91116947,7.179212102,2614.505084,0.574296636,58.4872,10.95687445,7.225677844,3837.046888
ZWE,Zimbabwe,2.0,0.961,0.580303186,62.0449,11.96458018,8.296557948,3285.933585,0.604054039,56.2321,12.27069982,9.19064792,4396.77768
