id,country,HDI Code,gnipc_2011,gnipc_2012,gnipc_2013,gnipc_2014,gnipc_2015,gnipc_2016,gnipc_2017,gnipc_2018,gnipc_2019,gnipc_2020,gnipc_2021
AFG,Afghanistan,Low,1999.653042,2125.862821,2193.553936,2178.507021,2101.589319,2077.566899,2085.487571,2054.939895,2097.88945,1997.852149,1824.190915
AGO,Angola,Medium,6885.53639,7280.845666,7478.104777,7704.231949,7652.656486,7189.426672,6861.575738,6381.521946,6082.746624,5593.14206,5465.617791
ALB,Albania,High,11056.64517,11146.26303,11552.98247,11691.64829,12016.2976,12484.6242,12802.14831,13302.70596,13485.31124,12996.76291,14131.11039
AND,Andorra,Very High,48812.02903,47126.81461,46385.0952,48483.72032,49936.87454,52267.73832,52650.22576,53483.30663,54465.0474,47878.66664,51166.62661
ARE,United Arab Emirates,Very High,56152.06467,57445.95475,60005.69536,62573.50531,65577.51224,66881.32974,67667.50846,67195.09523,68590.90094,63016.40122,62573.59181
ARG,Argentina,Very High,23944.3551,23557.51314,23915.41972,23087.86964,23508.76738,22694.2851,22996.67142,21924.73119,21197.74104,19178.33184,20925.26814
ARM,Armenia,High,10072.89566,10830.55372,11351.53875,11518.60475,11774.34934,11570.46772,12541.16263,12933.83405,13847.90825,12454.14508,13157.9939
ATG,Antigua and Barbuda,High,16539.63424,16745.79664,16722.97555,17119.31079,17679.66135,18421.76805,18775.95101,19857.12506,20600.95888,16265.29515,16792.36595
AUS,Australia,Very High,44205.31566,44878.41764,45260.60917,45851.64201,46307.57617,46558.17827,47085.22714,47487.64407,47312.192,47078.24446,49238.43335
AUT,Austria,Very High,53124.04133,52887.1943,52625.83517,52720.29769,52450.23877,53662.57417,53665.02668,54587.74445,55323.03915,51574.18306,53618.67138
AZE,Azerbaijan,High,12980.47536,13262.756,13958.10444,14481.31337,14405.94934,13401.18041,13587.53119,13502.96367,13838.46183,13567.9371,14256.74456
BDI,Burundi,Low,846.0294333,860.4779094,878.1187171,884.172209,824.8696219,794.5204667,772.4022889,763.4331718,753.9089436,735.7371044,731.7867086
BEL,Belgium,Very High,47497.60421,48583.46685,48783.26894,49281.30405,50027.9913,50509.14666,50904.68909,51249.2268,52434.09838,49391.99684,52293.39977
BEN,Benin,Low,2704.030136,2743.557061,2861.120591,2962.296501,2922.065347,2935.45155,3010.902854,3128.748762,3254.245627,3288.470605,3408.965923
BFA,Burkina Faso,Low,1705.359774,1788.801284,1834.881492,1827.353699,1839.270697,1893.155373,1967.634052,2050.921164,2055.318806,2038.513202,2117.915916
BGD,Bangladesh,Medium,3273.90474,3462.220186,3614.372724,3742.516573,3936.276588,4142.902911,4339.489843,4642.820099,4964.471473,5108.160545,5472.104781
BGR,Bulgaria,High,18481.03764,19080.57753,18915.57655,19464.43982,19798.96986,20532.41676,20986.65463,21585.23735,22731.96643,22020.49393,23078.95595
BHR,Bahrain,Very High,37755.99605,43372.15056,44935.818,45615.58247,45441.14762,45331.79071,45033.83054,43818.92053,42664.29218,39030.38571,39497.24788
BHS,Bahamas,Very High,35756.02322,36161.31277,34438.39196,34482.273,34554.60314,34055.54939,34332.57146,34103.97568,34676.98987,29190.8387,30486.18429
BIH,Bosnia and Herzegovina,High,11267.26683,11345.89492,11878.91698,12166.00844,12719.39655,13215.3302,13638.41935,14303.17629,14849.1165,14381.63676,15241.91465
BLR,Belarus,Very High,17880.6942,18187.94372,18128.3195,18522.02546,17544.19914,17070.03342,17666.60161,18282.24546,18702.53072,18307.70473,18848.96704
BLZ,Belize,Medium,6807.410431,6727.632762,6677.827034,6746.986802,6960.046024,6766.32689,6709.03456,6699.038968,6676.34074,5897.150457,6309.099778
BOL,Bolivia (Plurinational State of),Medium,6535.789314,6608.287066,6937.038027,7313.415069,7718.194007,8056.443085,8174.492977,8443.883853,8542.603358,7756.177294,8111.190194
BRA,Brazil,High,14925.8874,15088.3882,15584.11902,15454.76924,14780.05656,14143.48937,14253.07502,14258.48421,14367.23924,13790.71143,14369.88848
BRB,Barbados,High,14444.82048,14760.85576,14453.26863,14407.77446,14687.44585,15022.36929,15079.36912,14963.39,14919.56235,12167.22012,12306.341
BRN,Brunei Darussalam,Very High,67386.7062,67317.78769,66079.80508,64338.12601,66409.2109,65044.6337,64617.63812,60975.67907,63963.47538,65077.71446,64489.53954
BTN,Bhutan,Medium,8178.915986,8355.435085,8517.974126,8895.679604,9370.597632,9850.590693,10174.70961,10329.65877,10791.66865,9898.25027,9437.541512
BWA,Botswana,Medium,13459.90702,13995.38295,15007.46945,16148.37428,15177.91893,15856.54951,16144.88027,16285.69632,16308.08799,14696.02701,16198.31841
CAF,Central African Republic,Low,1259.221163,1317.845192,839.1221207,837.6309621,869.8259183,903.077833,959.3100891,1001.711793,1017.123239,974.4816457,966.0586107
CAN,Canada,Very High,45969.25364,46117.10158,46909.89758,47500.43097,46417.51312,46340.41847,47702.63749,48156.0,48464.81227,45038.07302,46807.98619
CHE,Switzerland,Very High,68805.06719,69805.01371,69539.14942,69019.26094,70410.26815,68993.42475,68167.80327,67771.6548,68432.68312,65011.21711,66933.00454
CHL,Chile,Very High,20732.94409,22097.83875,22815.82741,23261.50787,23730.28359,23781.35546,23458.6445,23908.86388,24077.24668,22285.86026,24563.24486
CHN,China,High,9589.872363,10346.76891,11012.37325,11866.35433,12552.18518,13332.38637,14224.86876,15067.74081,15933.50035,16201.35297,17504.39969
CIV,CÃ´te d'Ivoire,Medium,2505.976647,2667.825058,2843.258121,4150.413316,4322.056408,4512.459543,4686.900473,4839.893305,5074.644595,5026.387169,5217.448516
CMR,Cameroon,Medium,3211.002,3252.776182,3310.463486,3443.009493,3522.297048,3574.466975,3597.973425,3642.735667,3661.937532,3586.252712,3620.932408
COD,Congo (Democratic Republic of the),Low,847.5357676,870.2847181,875.3660951,931.7848699,982.6495957,1034.917766,1029.883308,1057.24868,1064.472827,1050.778706,1076.098781
COG,Congo,Medium,4475.862804,5053.148534,5077.679948,5507.312883,5080.41431,4304.605561,3639.791356,3264.475827,2974.265175,2966.269817,2889.283521
COL,Colombia,High,11930.28232,12344.80859,12902.5132,13432.16118,13901.52184,14044.84239,13912.22581,13941.33097,14240.59041,13184.95894,14384.35666
COM,Comoros,Medium,2921.369471,2940.241995,3004.90976,2999.136448,2970.772257,3003.504354,3049.006179,3062.31206,3099.801214,3156.041454,3142.064119
CPV,Cabo Verde,Medium,6119.907189,6087.399757,6106.201391,5970.961186,6035.221038,6250.87307,6413.999141,6701.611822,7017.10024,5897.676779,6230.200199
CRI,Costa Rica,Very High,16811.46478,17457.3481,17594.06705,17919.03127,18327.60822,18902.33613,19283.51036,19562.35999,19684.85681,18753.91088,19974.27358
CUB,Cuba,High,7394.688924,7617.849884,7822.470876,7878.597597,8217.14833,8241.72571,8388.369,8573.741653,8748.733509,7809.171181,7878.847482
CYP,Cyprus,Very High,38482.67954,35413.63337,33007.80248,32270.91228,34243.04912,35044.10672,37163.37655,38543.68022,39568.03192,36519.29668,38188.42152
CZE,Czechia,Very High,30812.07437,30967.18755,31223.31804,32119.85559,33841.91996,34856.11653,36626.68558,37668.16678,38505.63917,37551.07049,38745.21386
DEU,Germany,Very High,50108.04686,50123.5299,50314.54101,51268.8727,52200.62642,53349.82314,54335.96281,54981.27749,55564.96736,53077.54364,54534.21682
DJI,Djibouti,Low,3423.743208,3807.416605,3984.464639,4205.491821,4453.630735,4561.666499,4660.30902,4981.659056,4916.643954,4901.144274,5024.993944
DMA,Dominica,High,12236.06264,12114.5372,11997.30479,12533.22462,11929.38956,12361.6883,11060.97853,12211.41123,12694.12057,11133.41849,11487.62422
DNK,Denmark,Very High,51652.6725,51814.35144,52812.58307,53998.28993,54690.48924,55471.41408,56568.41589,57549.14584,58650.26154,58143.77306,60364.78595
DOM,Dominican Republic,High,12529.5448,12707.22497,13067.09635,13814.06229,14694.1036,15462.20861,15941.67145,16958.43305,17572.69314,16164.89952,17989.60037
DZA,Algeria,High,10945.42525,11066.79725,11077.58045,11242.29072,11421.66895,11707.07707,11562.26587,11344.17458,11241.86472,10530.29914,10800.22546
ECU,Ecuador,High,10814.2554,11255.83603,11633.97078,11887.546,11685.75729,11334.76401,11346.37257,11242.31215,11034.20422,10031.66906,10311.63273
EGY,Egypt,High,10031.42871,10055.57658,10016.17801,10099.75288,10382.27283,10646.46932,10801.02662,11079.03334,11335.87708,11581.07981,11731.69056
ERI,Eritrea,Low,1761.437803,1774.709504,1573.960206,2042.185269,1605.846784,1707.304054,1519.965541,1698.200078,1740.988576,1706.02641,1728.742667
ESP,Spain,Very High,36262.31549,35416.02265,35204.72455,35796.00345,37383.58643,38616.27705,39543.65687,40234.64314,40725.59088,36515.96007,38353.60164
EST,Estonia,Very High,25900.41923,27110.35149,28361.78899,29532.96608,30361.38783,31594.42466,33040.70655,34552.40442,35879.58776,35131.82128,38048.26372
ETH,Ethiopia,Low,1358.033249,1434.245449,1541.762481,1652.126111,1771.947958,1888.608252,2009.557746,2093.520321,2204.805408,2279.637186,2361.069604
FIN,Finland,Very High,46338.34586,45340.26397,44871.50214,45016.4823,45628.12268,46502.46698,47593.88701,48369.87096,48901.80936,47946.32854,49452.16672
FJI,Fiji,High,10425.71399,10486.08722,11174.36971,11465.92201,11790.47851,12105.32007,12367.93824,12916.60463,12526.24293,10452.22264,9980.110866
FRA,France,Very High,43324.1221,43009.1157,43213.27903,43562.21508,44323.97472,44814.41572,45584.57087,46162.6579,46963.19576,43047.83087,45937.05273
FSM,Micronesia (Federated States of),Medium,4268.065578,4145.985992,3940.037944,3794.663738,3917.472512,3905.073744,3964.990171,3931.792925,3937.054173,3826.862912,3696.173945
GAB,Gabon,High,11980.61836,13013.32314,13459.73799,14661.96273,14167.7361,14170.45668,14058.19505,13359.91549,13061.89403,13414.57302,13366.93455
GBR,United Kingdom,Very High,41872.23405,41700.4797,42026.76323,43236.64235,44136.35045,44729.56153,45771.00186,46225.87833,47251.76897,42374.7622,45224.76564
GEO,Georgia,Very High,10268.19764,11196.55969,11544.51495,12111.97028,12334.6582,12382.40144,12924.2182,13697.40109,14314.32324,13329.53028,14664.16825
GHA,Ghana,Medium,4120.795406,4303.46166,4623.712983,4537.170026,4637.531298,4642.154745,4863.976199,5071.995858,5307.445765,5601.428197,5744.504017
GIN,Guinea,Low,1894.945895,1969.292299,1933.790491,1993.622758,2053.403321,2213.959111,2405.948119,2409.63997,2437.027146,2440.015962,2480.887182
GMB,Gambia,Low,2046.164707,2092.378476,2086.160286,1992.159137,2009.001962,1997.610808,2033.671644,2120.010674,2187.374229,2118.782628,2172.207664
GNB,Guinea-Bissau,Low,1850.401518,1769.702341,1736.28375,1803.191952,1847.650997,1916.35772,1929.166846,1830.731741,1980.343423,1879.724283,1908.24159
GNQ,Equatorial Guinea,Medium,20366.20055,21808.4842,21134.33022,20704.00467,21324.1916,19423.11989,16604.26721,15187.91496,13447.13572,12925.87114,12073.95993
GRC,Greece,Very High,28849.61236,27795.0881,27200.16825,27850.41613,28208.72,28194.52399,28461.45581,28566.21672,29102.85675,26680.88796,29002.48545
GRD,Grenada,High,12675.81463,12426.59763,12734.95982,12844.95119,13219.27937,13914.87047,14465.19775,14975.50952,14983.78605,12840.52175,13483.5774
GTM,Guatemala,Medium,7297.912703,7437.35323,7557.667802,7734.793394,7932.534306,8028.858895,8147.871684,8289.389866,8494.49306,8241.444361,8723.285317
GUY,Guyana,High,9630.015485,10125.12291,10345.83647,11062.1673,10987.05531,11727.25724,11976.38567,12575.03496,13600.32652,18788.01779,22464.65734
HKG,"Hong Kong, China (SAR)",Very High,54802.55324,54722.85329,56334.58765,57612.88188,58445.62821,59624.80273,62449.73774,63907.66372,62717.72811,58643.85895,62606.8454
HND,Honduras,Medium,4697.331439,4729.263681,4777.746731,4783.560934,4927.099416,5020.829616,5221.810955,5248.923663,5316.509508,4792.024122,5297.955301
HRV,Croatia,Very High,23773.74945,23275.98481,23583.58042,23578.51131,24734.00015,25176.61379,26760.92548,27784.40613,28898.00521,27185.25054,30132.28814
HTI,Haiti,Low,3011.380271,2985.249076,3063.860351,3076.331787,3110.377887,3126.953431,3165.56974,3174.807694,3083.646932,2939.863103,2847.500746
HUN,Hungary,Very High,23814.05863,23596.14241,24483.8189,25259.66574,26281.74257,27615.68144,28307.73017,29638.3262,31464.44259,30487.04684,32789.01063
IDN,Indonesia,High,8430.620607,8819.450844,9171.014234,9472.816898,9815.404496,10197.40112,10589.12645,11030.26908,11453.54855,11141.56832,11466.06836
IND,India,Medium,4361.090551,4529.016173,4758.303085,5056.665926,5401.490996,5732.913931,6116.059654,6449.18609,6650.054097,6107.493949,6589.980037
IRL,Ireland,Very High,41143.12106,40945.23159,43349.89161,46428.53601,55490.8464,59305.86957,61729.40784,64098.84282,67253.22253,67735.8762,76168.98443
IRN,Iran (Islamic Republic of),High,14011.26821,12896.64969,12711.73086,13078.65731,12730.15472,14245.07437,14562.92467,13536.54586,12401.10769,12624.41241,13000.7117
IRQ,Iraq,Medium,8922.675892,9860.994781,10104.78849,9743.876802,9859.834601,10906.04372,10445.36711,10465.09393,10869.49515,9663.007644,9977.249073
ISL,Iceland,Very High,39273.83731,40751.37618,46066.78901,46529.7034,48904.51421,52768.75433,53923.22172,56492.26004,58055.06597,54141.4547,55782.04981
ISR,Israel,Very High,33026.89275,33231.73289,34530.46471,35876.7937,36704.39549,37937.41307,38924.31301,39620.10088,40633.62378,39015.07545,41523.74319
ITA,Italy,Very High,42043.25452,40576.27663,39517.53859,39490.18497,39796.6249,41115.42705,41812.97134,42450.93247,43121.80118,39900.63273,42839.51441
JAM,Jamaica,High,9215.326794,9306.382492,9213.48975,9242.289334,9184.322717,9152.259979,9327.09002,9365.908524,9503.655135,8474.815687,8834.47567
JOR,Jordan,High,10921.28119,10562.26491,10314.95721,10170.84249,10032.8831,9959.457292,9953.727851,9967.349228,10072.72061,9788.721555,9923.714974
JPN,Japan,Very High,38863.25616,39328.17159,40275.25131,40482.79312,41874.21537,42421.08469,43040.54532,43086.85266,43375.7894,41487.05103,42274.29134
KAZ,Kazakhstan,Very High,18264.09656,19217.17935,21068.97379,21752.92385,23136.8885,22005.08356,22157.8711,22171.8375,22786.55302,23325.00389,23942.81837
KEN,Kenya,Medium,3402.901672,3432.866608,3445.657082,3542.10425,3675.554026,4089.709912,4126.283437,4273.498235,4381.487855,4266.967466,4473.570344
KGZ,Kyrgyzstan,Medium,3867.145395,4160.447227,4379.803244,4540.283615,4632.765992,4659.189545,4803.232306,4978.956446,4750.777239,4494.5007,4566.303831
KHM,Cambodia,Medium,2736.294927,2869.323018,3062.342747,3195.928321,3329.290811,3501.466995,3684.459668,3864.496775,4123.001845,4032.751435,4078.697154
KIR,Kiribati,Medium,2594.087007,2917.619539,3258.613856,3705.649317,4484.719183,3998.339731,4277.843684,4251.548646,4673.024716,4074.115486,4062.586034
KNA,Saint Kitts and Nevis,High,24533.43415,23949.32511,25112.64024,26349.63781,26383.79782,26913.35809,25739.42918,26371.81679,26727.53894,24474.88162,23358.33212
KOR,Korea (Republic of),Very High,35598.27827,36410.47352,37248.45937,38144.21084,38948.32998,39959.57395,41124.36929,42115.21132,43163.03806,42698.12802,44500.93187
KWT,Kuwait,Very High,66856.94387,67190.48478,66072.10343,64205.53624,61203.47424,60888.65689,58767.65534,58030.87808,57254.52971,52967.77768,52919.76137
LAO,Lao People's Democratic Republic,Medium,4815.017769,5161.40393,5527.596205,5920.13672,6252.660836,6599.671395,6874.763168,7238.511591,7518.657148,7651.700741,7699.579617
LBN,Lebanon,High,18628.30996,17964.63874,17437.60574,16794.97735,16178.16274,15891.85225,15980.11283,15586.30415,14377.64877,11201.42116,9525.831467
LBR,Liberia,Low,1398.769059,1467.404727,1552.5827,1523.60259,1484.924981,1425.324418,1424.468657,1406.047065,1338.470653,1267.657717,1288.74235
LBY,Libya,High,9229.557288,16671.4704,13812.40286,10753.74104,10854.91959,10430.01119,13686.02253,15526.25699,15687.71125,10630.28113,15335.712
LCA,Saint Lucia,High,14251.38425,13999.38477,13695.79921,13276.47931,12895.19596,13610.78582,14130.1393,14453.44581,14380.56973,11353.06871,12048.30381
LIE,Liechtenstein,Very High,101656.9339,90018.01203,102002.0218,105224.7206,106691.3759,126592.3497,141328.1835,144933.8638,146186.9796,142613.9109,146829.7006
LKA,Sri Lanka,High,9746.385707,10541.47321,10748.55286,11181.46391,11600.29333,11961.24757,12250.94548,12509.74227,12699.55204,12208.46787,12578.22055
LSO,Lesotho,Low,2937.125676,3004.064818,2998.102546,2951.831616,3046.013954,3165.809722,3031.409555,2997.479203,2959.46875,2676.630183,2700.435748
LTU,Lithuania,Very High,24538.41744,25601.69818,26958.98289,28610.72871,29301.09772,30786.23947,32541.17287,33963.01256,35705.28941,36076.54329,37931.30359
LUX,Luxembourg,Very High,76932.51077,85299.29025,80965.91409,83495.1083,74254.42678,77076.00087,82296.95125,81398.52451,76018.56437,80285.84238,84649.47467
LVA,Latvia,Very High,21970.60507,23245.50419,24172.55493,24833.9538,25952.38949,27395.61007,28601.52573,29894.57755,31058.91587,31101.79957,32803.23423
MAR,Morocco,Medium,6415.332138,6496.05825,6738.780232,6754.424121,6991.730986,6969.179337,7168.724522,7301.739349,7398.11725,6881.631266,7302.81917
MCO,Monaco,,,,,,,,,,,,
MDA,Moldova (Republic of),High,9659.308093,9835.445363,10735.73531,11204.00807,10957.02179,11540.90096,12315.48679,12952.69015,13704.8965,12822.36442,14875.33189
MDG,Madagascar,Low,1515.81552,1496.277412,1486.198892,1505.548661,1494.630382,1507.431247,1541.173158,1548.073162,1559.741867,1419.679656,1483.520983
MDV,Maldives,High,15056.72855,14980.45541,15088.5491,15720.58858,15717.36243,16155.58596,16631.32167,17147.30852,17710.77696,11773.26598,15448.12788
MEX,Mexico,High,17892.18263,18233.04546,18061.00979,18423.54338,18777.73886,19021.831,19209.21915,19385.89225,19096.57525,17234.78062,17896.29498
MHL,Marshall Islands,Medium,4240.101358,3956.773561,4238.739586,4361.535384,4747.619065,4714.772323,4771.761214,4852.882347,4956.337016,4727.402503,4619.535393
MKD,North Macedonia,High,13606.37929,13472.13216,13813.84666,14359.46958,14686.7385,14934.67765,15084.56736,15457.19391,15981.25068,15310.7911,15917.75283
MLI,Mali,Low,2007.607523,1928.19902,1928.51529,2019.311879,2091.013072,2137.343333,2173.555623,2217.611028,2241.781851,2131.591455,2132.629443
MLT,Malta,Very High,32203.80094,32462.76512,33661.96666,35403.22009,37716.50048,36635.29704,38304.2029,40070.42113,40611.11949,35645.06549,38884.45623
MMR,Myanmar,Medium,2846.926656,2997.036412,3210.391303,3427.808642,3504.411587,3891.244863,4109.517194,4336.410687,4582.102317,4723.195885,3850.524234
MNE,Montenegro,Very High,17408.12004,17062.97966,17700.79268,17892.61687,18649.82217,18948.91492,20086.50445,20925.34711,21772.62933,18546.1188,20838.80129
MNG,Mongolia,High,7981.423111,8824.576367,9903.99011,10189.2346,10239.78955,10176.56453,9773.631152,10960.06887,11098.9151,10626.79022,10588.22532
MOZ,Mozambique,Low,1056.245836,1116.823506,1163.397474,1205.310147,1240.456932,1247.861871,1245.447702,1265.815831,1257.939477,1206.852988,1198.073924
MRT,Mauritania,Medium,4595.369735,4636.124825,4699.217815,4722.797963,4887.008709,4852.883488,5035.931643,5167.404537,5277.286821,5038.816043,5075.305711
MUS,Mauritius,Very High,17443.41474,18870.83772,20120.23012,20835.01678,21657.23264,22415.60786,23536.24781,24767.93351,25589.34366,21194.67865,22025.34631
MWI,Malawi,Low,1369.537547,1356.039974,1386.630627,1425.155709,1425.185701,1421.541999,1439.504186,1463.544391,1503.057342,1475.38654,1465.635064
MYS,Malaysia,Very High,20773.27907,21302.85562,22088.9007,23108.6483,24113.72839,24841.45459,25910.44685,26720.61992,27678.64207,25940.44402,26657.94355
NAM,Namibia,Medium,8965.820525,9268.750223,9979.121655,10368.18257,10659.96487,10270.48517,9987.117622,9704.240117,9565.710371,8710.512156,8633.504452
NER,Niger,Low,1085.1152,1122.285381,1142.618784,1178.015491,1187.645526,1188.941701,1206.403432,1257.082178,1278.971076,1270.065047,1239.866936
NGA,Nigeria,Low,4758.77867,4848.225457,5045.010114,5311.162154,5356.223001,5160.489945,5031.603971,4928.925873,4971.470226,4739.674805,4790.284425
NIC,Nicaragua,Medium,4724.374635,4901.973689,5028.767816,5257.845956,5425.088815,5535.711714,5694.054636,5452.437413,5262.435225,5137.138341,5624.793595
NLD,Netherlands,Very High,53010.90773,52495.66202,52116.77307,51659.69255,52989.64531,53067.077,55507.09027,56614.38413,57039.03195,53503.64286,55979.411
NOR,Norway,Very High,67037.8291,68432.67946,68383.25839,68778.77611,66756.61403,64795.49042,66403.54684,68999.19641,66481.78169,62572.93547,64660.10622
NPL,Nepal,Medium,2805.960198,2942.388751,3053.149939,3263.276741,3376.943746,3356.592607,3601.108877,3798.135482,3994.226959,3844.117012,3877.315444
NRU,Nauru,,6965.96803,7838.00379,8475.056988,11012.52406,15472.39748,17303.06235,18174.49788,16306.188,18778.35023,17800.7314,17729.74084
NZL,New Zealand,Very High,35069.11343,35441.88481,37132.03938,37808.10649,38628.37835,39558.75645,40700.46491,41382.39849,42403.52046,41946.38822,44057.31394
OMN,Oman,Very High,34868.09265,35292.75329,35221.41724,33000.36443,33568.72682,33687.5172,32003.33222,30631.78608,29071.04146,27277.06476,27054.32505
PAK,Pakistan,Low,3873.460978,3924.479886,4006.327569,4105.228942,4207.010308,4337.277938,4495.95069,4657.880392,4603.556579,4467.236365,4623.70543
PAN,Panama,Very High,22130.70521,23552.35182,24829.3662,24968.40656,26599.68394,27197.93332,28606.48873,28869.22802,29342.25437,23694.26665,26956.83707
PER,Peru,High,9796.887413,10448.87879,11112.59152,11339.08417,11705.74373,11899.5399,11931.12893,12142.66015,12303.68873,10916.70628,12245.89366
PHL,Philippines,Medium,6697.516565,7055.385918,7458.801515,7789.275253,8143.543154,8564.17134,9016.762194,9414.447797,9790.637367,8558.594619,8920.428468
PLW,Palau,High,18214.66845,18412.20426,17858.55621,18788.42494,20005.08443,19783.90768,18910.23865,19877.82994,18740.42054,16839.04834,13818.67869
PNG,Papua New Guinea,Medium,3049.077815,3275.397147,3228.860857,3841.677693,4009.373118,4175.769454,4201.135296,4082.831293,4166.066492,4022.073953,4008.623573
POL,Poland,Very High,24307.20371,24660.27546,24971.27568,25724.2512,26821.51433,27466.79559,28817.10086,30369.76617,31838.9708,31164.47794,33033.96081
PRK,Korea (Democratic People's Rep. of),,,,,,,,,,,,
PRT,Portugal,Very High,29884.279,28625.27535,29016.09421,29339.43433,30186.54091,31170.51606,32269.04155,33134.17013,34078.58487,31636.80056,33154.53343
PRY,Paraguay,High,10334.62582,10038.18831,10762.37759,11221.46549,11388.39108,11681.90319,12174.12219,12402.40912,12241.66584,12015.54396,12349.286
PSE,"Palestine, State of",High,6183.913701,6438.215213,6653.213036,6611.061292,6807.370011,7258.742133,7246.81197,7389.351884,7355.601356,6279.654753,6582.899416
QAT,Qatar,Very High,91383.97812,90093.22967,90598.69022,91347.51852,93931.58322,94985.79979,91499.86316,89089.21103,87791.91612,83720.69503,87134.13469
ROU,Romania,Very High,20537.17243,20942.67019,21878.99577,23006.38141,23639.21976,24814.66283,26756.30966,27979.14701,29442.20491,28358.50064,30027.29131
RUS,Russian Federation,Very High,24157.0564,25053.79345,25335.32544,25127.72727,24770.75166,24798.29278,25233.84257,25977.61212,26317.80587,25837.99768,27166.30891
RWA,Rwanda,Low,1574.15205,1660.330408,1690.7467,1739.974325,1853.475173,1897.461532,1913.034071,2014.357454,2153.695631,2051.532402,2209.795202
SAU,Saudi Arabia,Very High,47852.01671,48932.66423,48894.56108,49392.35184,50124.98951,49681.68654,48041.17305,48123.7529,47494.88673,45232.21124,46111.55135
SDN,Sudan,Low,4614.505527,4343.172226,4268.25179,4571.167508,4531.578287,4587.178842,4414.899983,4109.613994,3909.860336,3649.896356,3575.19084
SEN,Senegal,Low,2718.221423,2746.975976,2734.087862,2816.842477,2903.302557,2987.651416,3114.304101,3224.813134,3267.668238,3239.619854,3344.311825
SGP,Singapore,Very High,78864.11916,79913.62743,81673.93973,85475.09886,83968.19969,86277.83995,88088.26615,86502.02095,86601.44993,81035.0282,90918.64471
SLB,Solomon Islands,Medium,2366.379699,2407.934942,2600.292942,2522.648632,2472.041073,2512.015248,2610.761701,2663.242801,2631.841793,2540.652696,2481.511362
SLE,Sierra Leone,Low,1442.71507,1702.51524,1935.470065,1949.725129,1525.206701,1430.636491,1594.30889,1528.635626,1684.496721,1604.380084,1621.512579
SLV,El Salvador,Medium,7355.606685,7447.703934,7541.352768,7634.715924,7765.297992,7879.035883,7984.420771,8136.126957,8338.88639,7558.531908,8295.665889
SMR,San Marino,Very High,63729.09125,53399.67319,54372.70707,53001.20328,49223.39698,49815.34772,54725.64938,54128.06922,55361.79834,50212.24688,52653.82534
SOM,Somalia,,1045.251694,1043.810247,1080.816124,1091.0514,1090.472563,1088.129753,1072.750752,1071.89966,1071.896076,1025.952583,1017.96785
SRB,Serbia,Very High,14350.26508,14420.03479,14803.48419,14648.10775,14858.915,15294.10288,15538.46624,16565.63064,17314.26844,17665.40411,19123.02747
SSD,South Sudan,Low,2077.097,954.326,1194.569,1191.754,1154.533,970.485,888.762,845.39,827.107,750.108,767.787
STP,Sao Tome and Principe,Medium,3438.242283,3396.457512,3589.006034,3782.090586,3782.264172,3889.557475,3941.369046,3994.124777,3991.279901,4039.79188,4021.350815
SUR,Suriname,High,16365.28625,16988.56216,17533.28437,17606.3111,18218.41659,17234.12239,16278.15956,17181.47199,17226.5384,13291.54848,12672.20033
SVK,Slovakia,Very High,26028.31272,26525.60546,26771.66693,27334.58386,28268.82624,28602.60814,29516.49964,30556.82948,31112.82476,29801.09302,30690.48552
SVN,Slovenia,Very High,32656.29801,31428.41024,31285.91288,32490.85685,32738.32843,34095.07338,35849.55565,37411.31252,38439.64415,36992.83331,39746.01987
SWE,Sweden,Very High,50027.63039,49432.59605,49541.43776,50311.7708,51490.20301,51813.28127,52849.39299,53050.91638,54222.71686,52359.21296,54489.37401
SWZ,Eswatini (Kingdom of),Medium,7139.315816,7430.895634,7844.002634,7857.950772,7991.697489,7872.750167,7844.499338,7913.629038,7744.536132,7524.004894,7678.591873
SYC,Seychelles,High,20821.04164,22260.9096,23169.25013,23452.55824,24084.57792,24513.60635,25224.47069,25788.59798,26084.29819,24132.79487,25830.61775
SYR,Syrian Arab Republic,Medium,13285.59444,8656.545671,5408.278142,4515.284252,4782.924318,4856.603798,5024.754555,5136.014235,4914.297286,4215.381839,4191.933893
TCD,Chad,Low,1628.403869,1716.422671,1713.528531,1778.178957,1803.785358,1656.383789,1566.261072,1553.131495,1555.372994,1420.670363,1364.169417
TGO,Togo,Low,1777.81732,1749.418448,1815.490768,1880.964747,1981.773879,1991.088196,2013.813455,2066.946841,2128.4148,2112.526748,2166.619062
THA,Thailand,Very High,14101.94778,14717.81103,14759.55225,15038.44001,15445.28656,15993.77762,16642.45037,17218.95408,17773.65504,16803.76572,17030.15352
TJK,Tajikistan,Medium,2837.980273,3092.748608,3613.099203,3532.37459,3479.011645,3542.610803,3728.067416,3953.31425,4155.953121,4244.329789,4547.742427
TKM,Turkmenistan,High,13434.76844,14100.61964,14022.45768,14348.73275,14808.95608,14351.65759,13615.49576,14804.54893,13227.7665,12595.1235,13020.7155
TLS,Timor-Leste,Medium,11658.06795,10104.64368,8860.258391,7134.672228,5744.778703,4516.076144,4500.640588,4393.034285,4865.012069,4785.848969,4460.869435
TON,Tonga,High,5699.446117,5795.075725,5843.639792,5900.359576,6002.930747,6343.509777,6723.664971,6790.395096,6903.445994,6861.643049,6822.03125
TTO,Trinidad and Tobago,Very High,25456.22639,26253.28163,27593.19075,27041.19649,28684.3759,26827.84272,26543.37527,25315.95987,25722.49253,23748.77675,23392.02084
TUN,Tunisia,High,10050.71988,10392.25355,10480.33431,10750.96464,10793.65064,10821.75244,10906.88715,11027.26702,10910.37099,10046.07161,10257.54477
TUR,Turkey,Very High,21780.12349,22475.58784,23937.16912,24762.23574,25766.03064,26159.38035,27553.33891,28148.5516,27984.86307,28317.43532,31032.80106
TUV,Tuvalu,Medium,3921.238902,4361.456216,4613.221665,4377.057348,5298.985449,5853.327793,5573.284065,6462.950541,5693.627717,6218.763904,6351.435899
TZA,Tanzania (United Republic of),Low,2060.728598,2099.059624,2172.728288,2248.082321,2310.042875,2387.090895,2472.985897,2555.427577,2693.535151,2615.736839,2664.329096
UGA,Uganda,Low,1955.942554,1955.886259,1959.62118,1988.490664,2028.218794,2051.754604,2025.816431,2064.075583,2124.933537,2138.005821,2181.43651
UKR,Ukraine,High,12320.17058,12839.41011,12824.77342,12237.29245,11671.55321,11649.48105,12032.75473,12455.66945,12964.43614,12718.46051,13255.50977
URY,Uruguay,Very High,19578.65067,19381.35212,20666.30667,21004.10273,21439.38802,21673.66035,21733.37205,21730.72567,21916.76822,20441.92913,21268.88122
USA,United States,Very High,54949.54774,56402.58237,56904.62415,58314.25546,59682.8778,59969.35653,61186.46283,62626.32702,63614.86366,61461.64197,64765.21509
UZB,Uzbekistan,High,5275.207055,5599.849102,5977.987646,6258.947949,6485.233243,6725.763449,6974.358065,7303.472178,7499.478344,7512.022906,7916.785725
VCT,Saint Vincent and the Grenadines,High,11073.09644,11370.47393,11624.45716,11422.1553,11637.726,11770.05999,12188.7601,12618.61184,12269.13362,12030.75949,11961.08792
VEN,Venezuela (Bolivarian Republic of),Medium,19201.512,19990.746,19973.024,18928.272,17510.852,14482.668,12321.887,10431.452,7045.248,4908.065,4810.882621
VNM,Viet Nam,High,5148.770463,5371.785971,5588.797805,5830.68531,6055.98238,6313.486671,6611.941253,7097.936558,7529.942469,7741.882535,7867.371345
VUT,Vanuatu,Medium,3024.658712,2865.599326,2929.854856,3031.763329,2969.834779,3043.566834,3089.938709,3200.787431,3417.730001,3174.307445,3085.411633
WSM,Samoa,High,5959.794044,5683.651395,5675.889504,5757.48605,6222.783552,6401.83098,6287.673021,6280.573936,6356.98869,5812.868328,5307.953374
YEM,Yemen,Low,3161.129536,3152.900024,3212.651579,2775.842952,1785.788608,1494.230811,1302.425254,1341.656234,1349.567046,1370.601082,1314.270189
ZAF,South Africa,High,13514.30361,13602.25352,13732.25252,13700.83456,13694.72811,13545.35859,13475.98821,13491.22179,13366.47464,12449.67104,12948.37325
ZMB,Zambia,Medium,2873.031079,3333.576512,3389.47894,3263.039162,3403.471444,3237.50565,3330.552717,3418.096158,3365.410652,3178.619722,3217.767739
ZWE,Zimbabwe,Medium,3154.375903,3618.629526,3632.111591,3644.856047,3638.532892,3606.750671,3728.918785,3864.012419,3674.564482,3654.289051,3809.887158
