id,country,HDI Code,mys_2011,mys_2012,mys_2013,mys_2014,mys_2015,mys_2016,mys_2017,mys_2018,mys_2019,mys_2020,mys_2021
AFG,Afghanistan,Low,2.157332242,2.209473202,2.261614163,2.313755123,2.365896084,2.463660385,2.561424686,2.659188987,2.756953288,2.854717589,2.98506999
AGO,Angola,Medium,3.86911836,3.909642238,3.950166115,3.990689993,4.704040408,5.417390823,5.417390823,5.417390823,5.417390823,5.417390823,5.417390823
ALB,Albania,High,9.801699638,10.02511024,10.19628076,10.37037387,10.54743948,10.72752833,10.91069206,11.09698316,11.28645502,11.28645502,11.28645502
AND,Andorra,Very High,10.55810738,10.58708477,10.61606216,10.64503956,10.57328033,10.55609989,10.55577309,10.5554463,10.55511952,10.55511952,10.55511952
ARE,United Arab Emirates,Very High,10.00180166,10.16996531,10.33812896,10.5062926,10.67445625,10.8426199,12.05539989,12.48400021,12.69402981,12.69402981,12.69402981
ARG,Argentina,Very High,10.69979,10.78507042,10.89459991,10.90851021,10.91755009,10.92819023,11.01644516,11.10470009,11.14726927,11.14726927,11.14726927
ARM,Armenia,High,11.19454956,11.28896475,11.38337994,11.47779512,11.57221031,11.37989998,11.18758965,11.23515987,11.2827301,11.33030033,11.33030033
ATG,Antigua and Barbuda,High,8.99,9.03495,9.08012475,9.125525374,9.171153001,9.217008766,9.263093809,9.293740746,9.293740746,9.293740746,9.293740746
AUS,Australia,Very High,12.11583996,12.29574013,12.01885986,12.16699982,12.2456398,12.35210991,12.42234039,12.55362034,12.65668964,12.72681999,12.72681999
AUT,Austria,Very High,11.71115017,11.75162983,11.78754044,12.01449966,12.07699013,12.11466026,12.15911961,12.20790482,12.25669003,12.25669003,12.25669003
AZE,Azerbaijan,High,10.4671402,10.47150993,10.47587967,10.47768021,10.47585011,10.55539989,10.54459953,10.54176044,10.5429697,10.5429697,10.5429697
BDI,Burundi,Low,2.226104975,2.159226656,2.092348337,2.025470018,2.285303354,2.54513669,2.804970026,2.962684561,3.129266883,3.129266883,3.129266883
BEL,Belgium,Very High,11.46986961,11.49960995,11.53950977,11.64029026,11.89404011,11.98532009,12.23692989,12.30630493,12.37567997,12.37567997,12.37567997
BEN,Benin,Low,3.141821766,3.285375219,3.428928671,3.572482124,3.716035576,3.863223294,4.010411011,4.157598728,4.304786445,4.304786445,4.304786445
BFA,Burkina Faso,Low,0.97479713,1.078641415,1.1824857,1.286329985,1.444627494,1.602925003,1.761222512,1.91952002,2.114962259,2.114962259,2.114962259
BGD,Bangladesh,Medium,5.198870182,5.302340031,5.064770222,5.194399834,5.98582983,6.113890171,6.270249844,6.385879993,6.549980164,7.379059792,7.379059792
BGR,Bulgaria,High,10.78184986,10.89634037,11.00629997,11.05152988,11.18832016,11.23243999,11.24269962,11.29952653,11.35635344,11.41318035,11.41318035
BHR,Bahrain,Very High,8.247186979,8.462163607,8.677140236,8.892116865,9.107093493,9.322070122,9.586489677,10.54808998,10.79733992,11.04658985,11.04658985
BHS,Bahamas,Very High,11.94677192,12.03153108,12.11689158,12.20285769,12.28943371,12.37662396,12.46443281,12.55286464,12.64192386,12.64192386,12.64192386
BIH,Bosnia and Herzegovina,High,7.238110065,7.890076637,8.542043209,9.194009781,9.291910172,9.692919731,9.752649784,9.812379837,10.17434978,10.53631973,10.53631973
BLR,Belarus,Very High,11.38092403,11.47625608,11.57158813,11.66692019,11.76225224,11.85758429,11.95291634,12.04824839,12.14358044,12.14358044,12.14358044
BLZ,Belize,Medium,10.32235832,10.15849628,9.994634247,9.830772209,9.666910172,9.503048134,9.339186096,9.175324059,9.011462021,8.847599983,8.847599983
BOL,Bolivia (Plurinational State of),Medium,7.943080107,8.17385006,8.425590197,8.677330335,8.929070473,9.162832737,9.396595001,9.630357265,9.86411953,9.827750206,9.827750206
BRA,Brazil,High,7.006090164,7.215769768,7.287489891,7.379069805,7.506820202,7.731040001,7.851759911,7.982019901,8.128813955,8.128813955,8.128813955
BRB,Barbados,High,9.662110089,9.670396633,9.678683176,9.68696972,9.695256264,9.734617347,9.77397843,9.813339513,9.852700596,9.852700596,9.852700596
BRN,Brunei Darussalam,Very High,8.82,8.87,8.92,8.97,9.02,9.06,9.1,9.14,9.18,9.18,9.18
BTN,Bhutan,Medium,2.261766999,2.217519999,2.585663986,2.953807974,3.321951962,3.690095949,4.058239937,4.580629311,5.170262283,5.170262283,5.170262283
BWA,Botswana,Medium,9.1,9.33,9.56,9.79,10.02,10.1,10.18,10.26,10.34,10.34,10.34
CAF,Central African Republic,Low,3.702,3.834,3.966,4.098,4.23,4.256,4.282,4.308,4.334,4.334,4.334
CAN,Canada,Very High,13.56276035,13.59659233,13.63042431,13.66425629,13.69808826,13.73192024,13.76600456,13.80017348,13.83442722,13.83442722,13.83442722
CHE,Switzerland,Very High,13.32542038,13.41355038,13.5268302,13.64011002,13.71187973,13.66668034,13.73318529,13.79969025,13.85966015,13.85966015,13.85966015
CHL,Chile,Very High,9.544130325,9.776545048,10.00895977,10.13243484,10.25590992,10.42321491,10.59051991,10.76136507,10.9349663,10.9349663,10.9349663
CHN,China,High,6.821168836,6.915857665,7.010546494,7.105235322,7.199924151,7.299972725,7.400021299,7.500069873,7.600118446,7.600118446,7.600118446
CIV,CÃ´te d'Ivoire,Medium,5.044013798,4.921902537,4.799791276,4.677680016,4.828323715,4.921027531,5.013731346,5.106435161,5.199138977,5.199138977,5.199138977
CMR,Cameroon,Medium,5.348131494,5.493053112,5.637974729,5.782896347,5.927817964,5.983691359,6.039564753,6.095438148,6.151311543,6.151311543,6.15131
COD,Congo (Democratic Republic of the),Low,5.71830788,5.839578821,5.960849762,6.227059841,6.49326992,6.75948,6.889088258,7.018696516,7.018696516,7.018696516,7.018696516
COG,Congo,Medium,5.758,5.846,5.934,6.022,6.11,6.124,6.138,6.152,6.166,6.166,6.166
COL,Colombia,High,7.518929958,7.625860214,7.833469868,7.992390156,8.047450066,8.221500397,8.362985134,8.504469872,8.643030167,8.862859726,8.862859726
COM,Comoros,Medium,4.38209875,4.601552,4.661372176,4.721970014,4.783355624,4.845539248,4.908531258,4.993590129,5.078649,5.078649,5.078649
CPV,Cabo Verde,Medium,5.286467205,5.448494314,5.610521424,5.772548533,5.858970165,5.973347954,6.076351994,6.181132228,6.287719287,6.287719287,6.287719287
CRI,Costa Rica,Very High,8.351329803,8.412119865,8.581184864,8.750249863,8.584500313,8.564390182,8.643780231,8.72317028,8.763615131,8.804059982,8.804059982
CUB,Cuba,High,11.36665573,11.4994297,11.63700714,11.77623054,11.91711958,12.0596942,12.20397456,12.34998107,12.49773438,12.49773438,12.49773438
CYP,Cyprus,Very High,11.57841015,11.80556011,11.87837982,11.88368034,11.86548042,12.08658028,12.18473005,12.28287983,12.36152506,12.44017029,12.44017029
CZE,Czechia,Very High,12.46833038,12.5199604,12.59654045,12.63813972,12.67333984,12.73709011,12.78682041,12.8280654,12.86931038,12.86931038,12.86931038
DEU,Germany,Very High,13.93054962,13.97772026,14.00984955,14.03711987,14.08201981,14.1321497,14.10476494,14.07738018,14.09096691,14.09096691,14.09096691
DJI,Djibouti,Low,4.005142857,4.037571429,4.045678571,4.053785714,4.061892857,4.07,4.07,4.0,4.1,4.1,4.1
DMA,Dominica,High,7.845247711,7.852238855,7.893659876,7.935080896,7.976501917,8.017922938,8.059343959,8.100764979,8.142186,8.142186,8.142186
DNK,Denmark,Very High,12.46644974,12.70141029,12.74561024,12.38759041,12.63831997,13.16281986,13.011765,12.86071014,12.91060019,12.96049023,12.96049023
DOM,Dominican Republic,High,7.330570221,7.429090023,7.516860008,7.650459766,7.718160152,9.044050217,8.936204255,9.106114462,9.306864107,9.306864107,9.306864107
DZA,Algeria,High,7.566753118,7.627816672,7.689373008,7.751426102,7.813979964,7.877038634,7.940606186,8.004686727,8.069284397,8.069284397,8.069284397
ECU,Ecuador,High,7.907040119,8.097470284,8.288680077,8.361359596,8.701580048,8.692919731,8.765919685,8.782986323,8.800052961,8.817119598,8.817119598
EGY,Egypt,High,7.612113432,7.851046129,8.089978825,8.328911521,8.567844217,8.806776914,9.04570961,9.305633501,9.573026174,9.573026174,9.573026174
ERI,Eritrea,Low,4.42126088,4.48782864,4.5543964,4.62096416,4.68753192,4.75409968,4.82066744,4.8872352,4.8872352,4.8872352,4.8872352
ESP,Spain,Very High,9.484009743,9.510689735,9.615365028,9.720040321,9.912139893,10.01107979,10.07671499,10.1423502,10.37387514,10.60540009,10.60540009
EST,Estonia,Very High,13.3991003,13.44874001,13.53934956,13.44295025,13.48861027,13.51035023,13.55548,13.65631008,13.60237026,13.54843044,13.54843044
ETH,Ethiopia,Low,2.171829939,2.273690987,2.375552034,2.477413082,2.57927413,2.681135178,2.854597012,3.028058847,3.201520681,3.201520681,3.201520681
FIN,Finland,Very High,12.45691967,12.4878397,12.54920959,12.59953022,12.63366985,12.68652487,12.73937988,12.80649996,12.87362003,12.87362003,12.87362003
FJI,Fiji,High,9.797014046,9.93590498,10.07479591,10.21368685,10.35257778,10.49146872,10.63035965,10.77497021,10.92154799,10.92154799,10.92154799
FRA,France,Very High,10.85153961,10.9350996,11.08078957,11.22550011,11.33419037,11.35085964,11.40970039,11.50988007,11.61005974,11.61005974,11.61005974
FSM,Micronesia (Federated States of),Medium,7.27011655,7.342817716,7.416245893,7.490408352,7.565312435,7.64096556,7.717375215,7.717375215,7.804956,7.804956,7.804956
GAB,Gabon,High,7.852,8.134,8.416,8.698,8.98,9.094,9.208,9.322,9.436,9.436,9.436
GBR,United Kingdom,Very High,13.18756962,13.33852959,12.83395004,12.88897991,12.97976335,13.07054679,13.16133022,13.24292692,13.32452361,13.4061203,13.4061203
GEO,Georgia,Very High,12.43860579,12.49629974,12.55731964,12.61833954,12.71645498,12.81457043,12.87436008,12.84828997,12.82221985,12.82221985,12.82221985
GHA,Ghana,Medium,7.621151047,7.661522065,7.701893083,7.742264101,7.782635119,7.919448013,8.056260907,8.193073801,8.329886695,8.329886695,8.329886695
GIN,Guinea,Low,1.654532492,1.726904988,1.799277484,1.871649981,1.936037481,2.000424981,2.064812481,2.129199982,2.202125952,2.202125952,2.202125952
GMB,Gambia,Low,3.305367797,3.435685674,3.571141481,3.723476614,3.875811747,4.02814688,4.180482013,4.332817146,4.485152279,4.637487411,4.637487411
GNB,Guinea-Bissau,Low,2.960562974,3.084553897,3.208544821,3.332535744,3.382772395,3.433009046,3.483245697,3.533482349,3.583719,3.583719,3.583719
GNQ,Equatorial Guinea,Medium,5.48047996,5.492152765,5.503850431,5.515573013,5.527320562,5.539093132,5.550890776,5.550890776,5.910863,5.910863,5.910863
GRC,Greece,Very High,10.30519748,10.40212488,10.49905229,10.59597969,10.74370956,10.25430012,10.54285765,10.83141518,11.11997271,11.40853024,11.40853024
GRD,Grenada,High,8.375,8.45,8.525,8.6,8.675659824,8.675659824,8.675659824,8.8,9.032104,9.032104,9.032104
GTM,Guatemala,Medium,4.609366775,4.800640106,4.896299839,5.83698988,5.805851936,5.774713993,5.74357605,5.712438107,5.681300163,5.681300163,5.681300163
GUY,Guyana,High,8.151373545,8.203162818,8.254952091,8.306741364,8.358530636,8.410319909,8.462109182,8.513898455,8.565687727,8.617477,8.617477
HKG,"Hong Kong, China (SAR)",Very High,11.61520004,11.70422681,11.79325358,11.88228035,12.02414989,12.09660006,12.16905022,12.19762993,12.22620964,12.22620964,12.22620964
HND,Honduras,Medium,5.581989765,5.518219948,5.847009897,6.175799847,6.294149876,6.528709888,6.408294916,6.287879944,7.088479996,7.088479996,7.088479996
HRV,Croatia,Very High,11.14391041,11.26972198,11.39695393,11.5256223,11.65574329,11.78733331,11.92040895,12.05498697,12.19108434,12.19108434,12.19108434
HTI,Haiti,Low,4.842,4.944,5.046,5.148,5.25,5.326,5.402,5.478,5.554,5.554,5.554
HUN,Hungary,Very High,11.92125034,11.83899975,12.00895977,11.77344036,11.84778976,11.88941002,11.97945499,12.06949997,12.15954494,12.24958992,12.24958992
IDN,Indonesia,High,7.514760017,7.608673414,7.70258681,7.796500206,7.914480209,7.976150036,8.069094896,8.162039757,8.359274864,8.556509972,8.556509972
IND,India,Medium,5.301909924,5.538719796,5.775529669,6.012339541,6.249149414,6.350639359,6.452129304,6.55361925,6.655109195,6.655109195,6.655109195
IRL,Ireland,Very High,10.99995995,11.07233159,11.14470323,11.21707487,11.28944651,11.36181815,11.4341898,11.50796839,11.58222303,11.58222303,11.58222303
IRN,Iran (Islamic Republic of),High,9.798224926,9.885310173,10.04448032,10.11600018,10.21497011,10.31394005,10.42034294,10.52784353,10.63645314,10.63645314,10.63645314
IRQ,Iraq,Medium,7.256973951,7.513722047,7.770470142,7.792958284,7.815446425,7.837934567,7.860422708,7.88291085,7.905593489,7.905593489,7.905593489
ISL,Iceland,Very High,11.34965107,11.80832671,12.26700235,12.72567799,13.18435363,13.32010517,13.4558567,13.59160824,13.72735977,13.76716995,13.76716995
ISR,Israel,Very High,12.5978899,12.68892002,12.80438042,12.91596985,12.9602499,13.05535211,13.15115217,13.24765522,13.3448664,13.3448664,13.3448664
ITA,Italy,Very High,9.897959709,10.02369976,10.12277985,10.22185993,10.3059597,10.39278984,10.47961998,10.56645012,10.65328026,10.7401104,10.7401104
JAM,Jamaica,High,8.439430237,8.525680986,8.612813215,8.700835933,8.789758241,8.879589332,8.970338495,9.062015112,9.154628661,9.154628661,9.154628661
JOR,Jordan,High,9.698710203,9.791880131,9.885050058,9.978219986,10.07138991,10.16455984,10.25772977,10.3508997,10.39878988,10.44668007,10.44668007
JPN,Japan,Very High,12.70736401,12.88482841,13.06229282,13.23975723,13.28011392,13.30426394,13.33075812,13.34510708,13.36610034,13.36610034,13.36610034
KAZ,Kazakhstan,Very High,11.27930291,11.41226959,11.54523627,11.67820295,11.81116962,11.9441363,12.07710298,12.21006966,12.34756189,12.34756189,12.34756189
KEN,Kenya,Medium,6.212,6.234,6.256,6.278,6.3,6.388,6.476,6.564,6.652,6.652,6.652
KGZ,Kyrgyzstan,Medium,11.09532847,11.15904895,11.22276943,11.2864899,11.35021038,11.35618418,11.36215797,11.36813177,11.37410556,11.37410556,11.37410556
KHM,Cambodia,Medium,4.2,4.3,4.4,4.5,4.6,4.722,4.844,4.966,5.088,5.088,5.088
KIR,Kiribati,Medium,7.865527643,7.865527643,7.865527643,7.865527643,7.865527643,7.865527643,7.865527643,7.865527643,7.984461822,7.984461822,7.984461822
KNA,Saint Kitts and Nevis,High,7.98428325,8.1228555,8.26142775,8.4,8.4,8.4,8.4,8.5,8.662745,8.662745,8.662745
KOR,Korea (Republic of),Very High,11.73383427,11.82945824,11.92508221,12.02070618,12.11633015,12.21428586,12.31303351,12.41257949,12.51293027,12.51293027,12.51293027
KWT,Kuwait,Very High,7.060302496,7.271460056,6.68321991,6.877979994,7.072740078,7.132780075,7.192820072,7.216040134,7.328022618,7.328022618,7.328022618
LAO,Lao People's Democratic Republic,Medium,4.662,4.754,4.846,4.938,5.03,5.116,5.202,5.288,5.374,5.374,5.374
LBN,Lebanon,High,8.280471949,8.335242455,8.390012962,8.444783468,8.499553974,8.554324481,8.609094987,8.663865494,8.718636,8.718636,8.718636
LBR,Liberia,Low,4.178,4.266,4.354,4.442,4.53,4.668,4.806,4.944,5.082,5.082,5.082
LBY,Libya,High,7.31,7.31,7.31,7.31,7.31,7.31,7.56,7.56,7.599985,7.599985,7.599985
LCA,Saint Lucia,High,8.363389969,8.359479904,8.355569839,8.387148221,8.418726603,8.450304985,8.481883367,8.513461749,8.545040131,8.545040131,8.545040131
LIE,Liechtenstein,Very High,11.95253138,12.02578246,12.09903353,12.17228461,12.24553569,12.31878677,12.39203784,12.46528892,12.53854,12.53854,12.53854
LKA,Sri Lanka,High,10.28454699,10.32950565,10.37446431,10.41942297,10.46438163,10.50934029,10.57874966,10.64155006,10.63134003,10.82730007,10.82730007
LSO,Lesotho,Low,5.206655044,5.318859637,5.431064229,5.543268822,5.655473414,5.744151237,5.83282906,5.921506884,6.010184707,6.010184707,6.010184707
LTU,Lithuania,Very High,12.57373047,12.56449986,12.58769035,12.8023901,12.95541,13.10509968,13.18838978,13.29162661,13.39486345,13.49810028,13.49810028
LUX,Luxembourg,Very High,12.85511971,13.00098991,13.20458984,13.42529011,12.45672989,12.84430344,12.65323261,12.82510172,13.01519217,13.01519217,13.01519217
LVA,Latvia,Very High,12.6059103,12.70405006,12.80914974,12.85737991,12.87024021,12.93480968,13.05903006,13.18325043,13.25271988,13.25271988,13.25271988
MAR,Morocco,Medium,4.468,4.696,4.924,5.152,5.38,5.514,5.648,5.782,5.916,5.916,5.916
MCO,Monaco,,,,,,,,,,,,
MDA,Moldova (Republic of),High,11.55617046,11.70310974,11.69207954,11.76074028,11.76515007,11.79195658,11.8187631,11.84556961,11.82159042,11.82159042,11.82159042
MDG,Madagascar,Low,4.751675129,4.79761294,4.84355075,4.889488561,4.935426371,4.981364182,5.027301993,5.073239803,5.120468534,5.120468534,5.120468534
MDV,Maldives,High,4.834,5.288,5.742,6.196,6.65,6.818,6.986,7.154,7.322,7.322,7.322
MEX,Mexico,High,8.247494698,8.489919662,8.357230186,8.403470039,8.601650238,8.599900246,8.742489815,8.933190346,9.077120304,9.221050262,9.221050262
MHL,Marshall Islands,Medium,10.88313961,10.88313961,10.88313961,10.88313961,10.88313961,10.88313961,10.88313961,10.88313961,10.88313961,10.88313961,10.88313961
MKD,North Macedonia,High,8.675945282,8.848412514,9.020879745,9.193346977,9.365814209,9.538281441,9.710748672,9.883215904,10.05568314,10.22815037,10.22815037
MLI,Mali,Low,1.574,1.648,1.722,1.796,1.87,1.98,2.09,2.2,2.31,2.31,2.31
MLT,Malta,Very High,10.47278023,10.79741001,11.0275898,11.12584019,11.21442032,11.28810978,11.56434488,11.84057999,12.02542019,12.21026039,12.21026039
MMR,Myanmar,Medium,4.833084915,5.077656065,5.322227214,5.566798364,5.811369513,5.95272715,6.094084787,6.235442423,6.37680006,6.37680006,6.37680006
MNE,Montenegro,Very High,11.28390026,11.39179255,11.50071646,11.61068185,11.7216987,11.83377704,11.94692704,12.06115893,12.17648306,12.17648306,12.17648306
MNG,Mongolia,High,9.979963017,9.918156052,9.856349087,9.794542122,9.732735157,9.670928192,9.609121227,9.547314262,9.485507298,9.423700333,9.423700333
MOZ,Mozambique,Low,2.619829893,2.762074947,2.904320002,3.046565056,3.18881011,3.126510024,3.064209938,3.130214992,3.197641838,3.197641838,3.197641838
MRT,Mauritania,Medium,3.959038083,4.085109146,4.21118021,4.337251274,4.463322338,4.577192976,4.691063614,4.804934252,4.918804891,4.918804891,4.918804891
MUS,Mauritius,Very High,8.520070076,8.738007894,8.961520419,9.190750248,9.425843626,9.666950539,9.914224809,10.16782419,10.42791048,10.42791048,10.42791048
MWI,Malawi,Low,4.013769084,4.039796303,4.065823523,4.091850742,4.117877962,4.210832318,4.303786674,4.396741029,4.489695385,4.489695385,4.489695385
MYS,Malaysia,Very High,9.809384982,9.920810064,10.03223515,10.14366023,10.25508531,10.36651039,10.45936012,10.55220985,10.64505959,10.64505959,10.64505959
NAM,Namibia,Medium,6.517054664,6.634349301,6.751643938,6.868938575,6.986233212,7.037678228,7.089123245,7.140568261,7.192013277,7.192013277,7.192013277
NER,Niger,Low,1.584899991,1.639770031,1.694640071,1.74951011,1.80438015,1.882464437,1.960548724,2.038633011,2.116717299,2.116717299,2.116717299
NGA,Nigeria,Low,5.481174628,5.713917096,5.946659565,6.061127424,6.175595284,6.436573823,6.697552363,6.958530903,7.181074153,7.181074153,7.181074153
NIC,Nicaragua,Medium,6.136,6.272,6.408,6.544,6.68,6.796,6.912,7.028,7.144,7.144,7.144
NLD,Netherlands,Very High,11.9578104,12.02159977,12.06632996,12.09368992,12.13512993,12.18412018,12.25356531,12.32301044,12.4523201,12.58162975,12.58162975
NOR,Norway,Very High,12.60601044,12.64209366,12.67817688,12.7142601,12.77120972,12.81906033,12.94715977,12.97539473,13.00362968,13.00362968,13.00362968
NPL,Nepal,Medium,3.521480083,3.765092035,4.008703987,4.252315939,4.495927891,4.652394104,4.808860316,4.965326529,5.121792742,5.121792742,5.121792742
NRU,Nauru,,,,,,,,,,,,
NZL,New Zealand,Very High,13.39171028,13.37806988,13.32773972,13.27740955,13.23099995,13.33483982,13.2373023,13.13976479,13.04222727,12.94468975,12.94468975
OMN,Oman,Very High,8.246802139,8.571864223,8.896926308,9.221988392,9.547050476,9.968448448,10.38984642,10.81124439,11.23264236,11.65404034,11.65404034
PAK,Pakistan,Low,4.721109867,4.818150043,4.958040237,5.162640095,5.162640095,5.162640095,5.115049839,4.825690031,4.536330223,4.536330223,4.536330223
PAN,Panama,Very High,9.416856766,9.557323456,9.697790146,9.838256836,9.978723526,10.11919022,10.25965691,10.4001236,10.54059029,10.54059029,10.54059029
PER,Peru,High,8.887160301,9.082159996,9.136059761,9.151889801,9.094240189,9.314760208,9.535280228,9.755800247,9.885518863,9.885518863,9.885518863
PHL,Philippines,Medium,8.991986911,9.068983396,9.145979881,8.971109867,8.796239853,8.621369839,8.446499825,8.707799911,8.969099998,8.969099998,8.969099998
PLW,Palau,High,12.19480936,12.20234785,12.81511974,12.88301,12.785,12.6872,12.5893,12.49143,12.49143,12.49143,12.49143
PNG,Papua New Guinea,Medium,4.076,4.202,4.328,4.454,4.58,4.62,4.66,4.7,4.74,4.74,4.74
POL,Poland,Very High,12.55062008,12.78314018,12.77855015,12.83730984,12.92106485,13.00481987,13.04480243,13.08478498,13.12476754,13.1647501,13.1647501
PRK,Korea (Democratic People's Rep. of),,,,,,,,,,,,
PRT,Portugal,Very High,8.277119637,8.495369911,8.655139923,8.870940208,8.986729622,9.112580299,9.218230247,9.144709587,9.327420235,9.575940132,9.575940132
PRY,Paraguay,High,7.508543332,7.775700092,8.290029526,8.247850418,8.524069786,8.351449966,8.468514919,8.585579872,8.810709953,8.861840248,8.861840248
PSE,"Palestine, State of",High,8.575409889,8.851819992,8.873760223,8.913519859,9.075750351,9.156229973,9.275179863,9.524060249,9.731270313,9.938480377,9.938480377
QAT,Qatar,Very High,8.65089035,9.116559982,9.802619934,9.723939896,9.695640087,9.667340279,9.730019569,9.86211879,9.99601145,9.99601145,9.99601145
ROU,Romania,Very High,10.85896015,10.95590019,11.02073956,10.85933971,10.98408985,11.08049011,11.14865017,11.21188498,11.27511978,11.27511978,11.27511978
RUS,Russian Federation,Very High,12.4209021,12.43921641,12.47550707,12.49168978,12.53258866,12.56402159,12.72337438,12.72389289,12.77428805,12.77428805,12.77428805
RWA,Rwanda,Low,3.763438313,3.765599966,3.910889983,4.05618,4.1258775,4.195574999,4.265272498,4.334969997,4.425292358,4.425292358,4.425292358
SAU,Saudi Arabia,Very High,9.187100093,9.424720128,9.662340164,9.801830053,9.941319942,10.08080983,10.22029972,10.58370972,10.94711971,11.31052971,11.31052971
SDN,Sudan,Low,3.228,3.326,3.424,3.522,3.62,3.67,3.72,3.77,3.82,3.82,3.82
SEN,Senegal,Low,2.386409998,2.584450006,2.782490015,2.794539988,2.806589961,2.818639934,2.830689907,2.883815558,2.937938258,2.937938258,2.937938258
SGP,Singapore,Very High,11.24769974,11.25349998,11.37757015,11.44260979,11.57108974,11.58815956,11.5461998,11.74279022,11.85017014,11.92488003,11.92488003
SLB,Solomon Islands,Medium,5.156818932,5.214101961,5.272021303,5.330584024,5.44073206,5.44073206,5.54073206,5.54073206,5.711848,5.711848,5.711848
SLE,Sierra Leone,Low,3.766837436,3.848725207,3.930612977,4.012500748,4.094388518,4.21481171,4.335234901,4.455658093,4.576081285,4.576081285,4.576081285
SLV,El Salvador,Medium,6.209420204,6.366330147,6.434329987,6.528739929,6.623149872,6.717559814,6.825099945,6.968569994,7.112040043,7.150929928,7.150929928
SMR,San Marino,Very High,,,,,,,,10.80146027,10.80146027,10.80146027,10.80146027
SOM,Somalia,,,,,,,,,,,,
SRB,Serbia,Very High,10.57170963,10.56832504,10.56494045,10.7205801,11.01756954,11.13010025,11.16240025,11.26613522,11.36987019,11.36987019,11.36987019
SSD,South Sudan,Low,5.726140022,5.726140022,5.726140022,5.726140022,5.726140022,5.726140022,5.726140022,5.726140022,5.726140022,5.726140022,5.726140022
STP,Sao Tome and Principe,Medium,5.322627939,5.373069763,5.423511587,5.473953411,5.622282615,5.77061182,5.918941025,6.06727023,6.215599435,6.215599435,6.215599435
SUR,Suriname,High,8.902133644,9.07186985,9.172111393,9.272352936,9.372594479,9.472836021,9.573077564,9.673319107,9.77680063,9.77680063,9.77680063
SVK,Slovakia,Very High,12.49847984,12.37734985,12.44200039,12.4435997,12.63834,12.71166039,12.76618004,12.86622047,12.91141987,12.91141987,12.91141987
SVN,Slovenia,Very High,12.21228981,12.2800703,12.38016987,12.42835999,12.56729984,12.66755009,12.70028973,12.75198507,12.80368042,12.80368042,12.80368042
SWE,Sweden,Very High,12.27527046,12.34175968,12.23344994,12.29454041,12.35441017,12.41359997,12.48604965,12.54788494,12.60972023,12.60972023,12.60972023
SWZ,Eswatini (Kingdom of),Medium,4.228,4.436,4.644,4.852,5.06,5.194,5.328,5.462,5.596,5.596,5.596
SYC,Seychelles,High,10.32399523,10.31888582,10.31377642,10.30866702,10.30355761,10.29844821,10.29333881,10.2882294,10.28312,10.28312,10.28312
SYR,Syrian Arab Republic,Medium,6.25,6.25,6.25,5.625,5.0625,5.0625,5.1,5.1,5.1,5.1,5.1
TCD,Chad,Low,1.915635633,1.991038452,2.066441272,2.141844092,2.217246912,2.301458538,2.388868544,2.479598405,2.57377421,2.57377421,2.57377421
TGO,Togo,Low,3.64312005,3.859934754,4.076749457,4.29356416,4.510378863,4.636985989,4.763593115,4.890200241,5.016807367,5.016807367,5.016807367
THA,Thailand,Very High,7.710706552,7.809883277,7.909060001,8.044580142,8.180100282,8.315620422,8.343885422,8.372150421,8.697119713,8.697119713,8.697119713
TJK,Tajikistan,Medium,11.20336454,11.23965039,11.27593624,11.31222209,11.34850794,11.38479379,11.42107964,11.37723672,11.3333938,11.3333938,11.3333938
TKM,Turkmenistan,High,10.98713769,11.02141923,11.05570077,11.08998231,11.12426385,11.15854538,11.19282692,11.22710846,11.26139,11.26139,11.26139
TLS,Timor-Leste,Medium,4.593051667,4.761799333,4.930547,5.099294667,5.268042333,5.43679,5.43679,5.43679,5.43679,5.43679,5.43679
TON,Tonga,High,10.91545963,11.00441689,11.09337414,11.1823314,11.27128866,11.30161499,11.33194133,11.36226767,11.392594,11.392594,11.392594
TTO,Trinidad and Tobago,Very High,10.64011955,10.75685069,10.87486246,10.99416892,11.11478428,11.23672288,11.35999926,11.48462809,11.61062419,11.61062419,11.61062419
TUN,Tunisia,High,6.823840141,6.741419792,6.855244875,6.969069958,7.082895041,7.196720123,7.274176324,7.352466164,7.431598614,7.431598614,7.431598614
TUR,Turkey,Very High,7.358980179,7.487070084,7.63214016,7.795050144,7.958399773,8.099840164,8.268190384,8.450664997,8.63313961,8.63313961,8.63313961
TUV,Tuvalu,Medium,9.539706674,9.654529012,9.769351351,9.884173689,9.998996028,10.11381837,10.2286407,10.34346304,10.45828538,10.57310772,10.57310772
TZA,Tanzania (United Republic of),Low,5.334107971,5.449409962,5.57265281,5.698682895,5.827563254,5.959358347,6.094134093,6.231957903,6.37289871,6.37289871,6.37289871
UGA,Uganda,Low,5.50928998,5.125319958,5.252913828,5.380507698,5.508101567,5.563811567,5.619521567,5.675231566,5.730941566,5.730941566,5.730941566
UKR,Ukraine,High,11.43994995,11.37093677,11.30192359,11.2329104,11.16389722,11.15577802,11.14765882,11.13953963,11.13142043,11.13142043,11.13142043
URY,Uruguay,Very High,8.404020309,8.478859901,8.523880005,8.613840103,8.669449806,8.70388031,8.831359863,8.906729698,8.982549667,8.982549667,8.982549667
USA,United States,Very High,13.10287952,13.14148045,13.20003033,13.22457981,13.25187969,13.34290981,13.42226505,13.50162029,13.59252501,13.68342972,13.68342972
UZB,Uzbekistan,High,11.07174255,11.16988152,11.26889038,11.3428297,11.35682964,11.67308998,11.72383976,11.77458954,11.89558983,11.89558983,11.89558983
VCT,Saint Vincent and the Grenadines,High,8.332078415,8.404318182,8.890140604,9.375963025,9.861785447,10.34760787,10.83343029,10.83343029,10.83343029,10.83343029,10.83343029
VEN,Venezuela (Bolivarian Republic of),Medium,9.122300148,9.251977682,9.381655216,9.51133275,9.641010284,10.31229973,10.57076027,10.8356987,11.10727736,11.10727736,11.10727736
VNM,Viet Nam,High,7.710000038,7.792535067,7.875070095,7.957605124,8.040140152,8.12267518,8.205210209,8.287745237,8.370280266,8.370280266,8.370280266
VUT,Vanuatu,Medium,6.720641556,6.756827444,6.793013333,6.793013333,6.793013333,6.68,6.76,6.84,7.064846,7.064846,7.064846
WSM,Samoa,High,11.67986965,11.64919525,11.61852084,11.58784643,11.55717203,11.52649762,11.49582322,11.46514881,11.43447441,11.4038,11.4038
YEM,Yemen,Low,2.8,3.0,3.0,3.0,3.0,3.0,3.0,3.2,3.2,3.2,3.2
ZAF,South Africa,High,9.693719864,9.93432045,10.04018545,10.14605045,10.23357964,10.18788004,10.14218044,10.7576704,11.37316036,11.37316036,11.37316036
ZMB,Zambia,Medium,6.390440798,6.461296749,6.5321527,6.603008652,6.673864603,6.802171326,6.930478048,7.058784771,7.187091494,7.187091494,7.187091494
ZWE,Zimbabwe,Medium,7.767883015,7.869400024,7.990934849,8.112469673,8.228876432,8.34528319,8.461689949,8.585394977,8.710908501,8.710908501,8.710908501
